Банк;Дилер;Дилер город;Дата создания заявки;Дата кредитного договора
Драйв Клик;"ООО ""ПРЕМИУМ КАР""";Краснодар;11.01.2022;
Драйв Клик;"ООО ""ПРЕМИУМ КАР""";Краснодар;13.01.2022;
Росбанк;"ООО ""ПРЕМИУМ КАР""";Краснодар;14.01.2022;
Росбанк;"ООО ""ПРЕМИУМ КАР""";Краснодар;14.01.2022;
Драйв Клик;"ООО ""ПРЕМИУМ КАР""";Краснодар;14.01.2022;
Росбанк;"ООО ""ПРЕМИУМ КАР""";Краснодар;14.01.2022;
Драйв Клик;"ООО ""ПРЕМИУМ КАР""";Краснодар;14.01.2022;14.01.2022
Драйв Клик;"ООО ""ПРЕМИУМ КАР""";Краснодар;14.01.2022;
Драйв Клик;"ООО ""ПРЕМИУМ КАР""";Краснодар;17.01.2022;
Драйв Клик;"ООО ""ПРЕМИУМ КАР""";Краснодар;17.01.2022;
Драйв Клик;"ООО ""ПРЕМИУМ КАР""";Краснодар;17.01.2022;
Драйв Клик;"ООО ""ПРЕМИУМ КАР""";Краснодар;17.01.2022;
Драйв Клик;"ООО ""ПРЕМИУМ КАР""";Краснодар;18.01.2022;
Драйв Клик;"ООО ""ПРЕМИУМ КАР""";Краснодар;18.01.2022;
Драйв Клик;"ООО ""ПРЕМИУМ КАР""";Краснодар;18.01.2022;
Драйв Клик;"ООО ""ПРЕМИУМ КАР""";Краснодар;19.01.2022;
Росбанк;"ООО ""ПРЕМИУМ КАР""";Краснодар;19.01.2022;
Росбанк;"ООО ""ПРЕМИУМ КАР""";Краснодар;19.01.2022;
Драйв Клик;"ООО ""ПРЕМИУМ КАР""";Краснодар;19.01.2022;
Драйв Клик;"ООО ""ПРЕМИУМ КАР""";Краснодар;19.01.2022;
Росбанк;"ООО ""ПРЕМИУМ КАР""";Краснодар;20.01.2022;
Драйв Клик;"ООО ""ПРЕМИУМ КАР""";Краснодар;20.01.2022;
Драйв Клик;"ООО ""ПРЕМИУМ КАР""";Краснодар;20.01.2022;
Драйв Клик;"ООО ""ПРЕМИУМ КАР""";Краснодар;20.01.2022;20.01.2022
Драйв Клик;"ООО ""ПРЕМИУМ КАР""";Краснодар;21.01.2022;
Росбанк;"ООО ""ПРЕМИУМ КАР""";Краснодар;21.01.2022;
Драйв Клик;"ООО ""ПРЕМИУМ КАР""";Краснодар;21.01.2022;21.01.2022
Драйв Клик;"ООО ""ПРЕМИУМ КАР""";Краснодар;21.01.2022;
Драйв Клик;"ООО ""ПРЕМИУМ КАР""";Краснодар;21.01.2022;
Росбанк;"ООО ""ПРЕМИУМ КАР""";Краснодар;22.01.2022;
Драйв Клик;"ООО ""ПРЕМИУМ КАР""";Краснодар;22.01.2022;
Росбанк;"ООО ""ПРЕМИУМ КАР""";Краснодар;22.01.2022;
Драйв Клик;"ООО ""ПРЕМИУМ КАР""";Краснодар;23.01.2022;
Росбанк;"ООО ""ПРЕМИУМ КАР""";Краснодар;23.01.2022;
Драйв Клик;"ООО ""ПРЕМИУМ КАР""";Краснодар;23.01.2022;
Росбанк;"ООО ""ПРЕМИУМ КАР""";Краснодар;23.01.2022;
Росбанк;"ООО ""ПРЕМИУМ КАР""";Краснодар;23.01.2022;
Росбанк;"ООО ""ПРЕМИУМ КАР""";Краснодар;23.01.2022;
Росбанк;"ООО ""ПРЕМИУМ КАР""";Краснодар;24.01.2022;
Драйв Клик;"ООО ""ПРЕМИУМ КАР""";Краснодар;24.01.2022;
Росбанк;"ООО ""ПРЕМИУМ КАР""";Краснодар;24.01.2022;
Росбанк;"ООО ""ПРЕМИУМ КАР""";Краснодар;24.01.2022;
Росбанк;"ООО ""ПРЕМИУМ КАР""";Краснодар;24.01.2022;
Драйв Клик;"ООО ""ПРЕМИУМ КАР""";Краснодар;24.01.2022;
Драйв Клик;"ООО ""ПРЕМИУМ КАР""";Краснодар;25.01.2022;
Росбанк;"ООО ""ПРЕМИУМ КАР""";Краснодар;25.01.2022;
Росбанк;"ООО ""ПРЕМИУМ КАР""";Краснодар;25.01.2022;
Росбанк;"ООО ""ПРЕМИУМ КАР""";Краснодар;25.01.2022;
Драйв Клик;"ООО ""ПРЕМИУМ КАР""";Краснодар;25.01.2022;
Драйв Клик;"ООО ""ПРЕМИУМ КАР""";Краснодар;25.01.2022;
Драйв Клик;"ООО ""ПРЕМИУМ КАР""";Краснодар;25.01.2022;
Драйв Клик;"ООО ""ПРЕМИУМ КАР""";Краснодар;25.01.2022;
Росбанк;"ООО ""ПРЕМИУМ КАР""";Краснодар;25.01.2022;
Росбанк;"ООО ""ПРЕМИУМ КАР""";Краснодар;25.01.2022;
Росбанк;"ООО ""ПРЕМИУМ КАР""";Краснодар;25.01.2022;
Росбанк;"ООО ""ПРЕМИУМ КАР""";Краснодар;25.01.2022;
Росбанк;"ООО ""ПРЕМИУМ КАР""";Краснодар;26.01.2022;
Росбанк;"ООО ""ПРЕМИУМ КАР""";Краснодар;26.01.2022;
Росбанк;"ООО ""ПРЕМИУМ КАР""";Краснодар;26.01.2022;
Драйв Клик;"ООО ""ПРЕМИУМ КАР""";Краснодар;26.01.2022;
Драйв Клик;"ООО ""ПРЕМИУМ КАР""";Краснодар;26.01.2022;
Росбанк;"ООО ""ПРЕМИУМ КАР""";Краснодар;26.01.2022;
Росбанк;"ООО ""ПРЕМИУМ КАР""";Краснодар;26.01.2022;
Росбанк;"ООО ""ПРЕМИУМ КАР""";Краснодар;26.01.2022;
Драйв Клик;"ООО ""ПРЕМИУМ КАР""";Краснодар;26.01.2022;
Драйв Клик;"ООО ""ПРЕМИУМ КАР""";Краснодар;26.01.2022;
Росбанк;"ООО ""ПРЕМИУМ КАР""";Краснодар;26.01.2022;
Росбанк;"ООО ""ПРЕМИУМ КАР""";Краснодар;26.01.2022;
Драйв Клик;"ООО ""ПРЕМИУМ КАР""";Краснодар;26.01.2022;26.01.2022
Росбанк;"ООО ""ПРЕМИУМ КАР""";Краснодар;26.01.2022;
Росбанк;"ООО ""ПРЕМИУМ КАР""";Краснодар;26.01.2022;
Росбанк;"ООО ""ПРЕМИУМ КАР""";Краснодар;26.01.2022;
Росбанк;"ООО ""ПРЕМИУМ КАР""";Краснодар;26.01.2022;
Драйв Клик;"ООО ""ПРЕМИУМ КАР""";Краснодар;26.01.2022;
Росбанк;"ООО ""ПРЕМИУМ КАР""";Краснодар;27.01.2022;
Драйв Клик;"ООО ""ПРЕМИУМ КАР""";Краснодар;27.01.2022;
Драйв Клик;"ООО ""ПРЕМИУМ КАР""";Краснодар;27.01.2022;
Драйв Клик;"ООО ""ПРЕМИУМ КАР""";Краснодар;27.01.2022;
Драйв Клик;"ООО ""ПРЕМИУМ КАР""";Краснодар;27.01.2022;
Драйв Клик;"ООО ""ПРЕМИУМ КАР""";Краснодар;27.01.2022;
Драйв Клик;"ООО ""ПРЕМИУМ КАР""";Краснодар;27.01.2022;
Драйв Клик;"ООО ""ПРЕМИУМ КАР""";Краснодар;27.01.2022;27.01.2022
Росбанк;"ООО ""ПРЕМИУМ КАР""";Краснодар;27.01.2022;
Росбанк;"ООО ""ПРЕМИУМ КАР""";Краснодар;27.01.2022;
Росбанк;"ООО ""ПРЕМИУМ КАР""";Краснодар;27.01.2022;
Росбанк;"ООО ""ПРЕМИУМ КАР""";Краснодар;27.01.2022;
Драйв Клик;"ООО ""ПРЕМИУМ КАР""";Краснодар;27.01.2022;
Драйв Клик;"ООО ""ПРЕМИУМ КАР""";Краснодар;27.01.2022;
Драйв Клик;"ООО ""ПРЕМИУМ КАР""";Краснодар;27.01.2022;
Росбанк;"ООО ""ПРЕМИУМ КАР""";Краснодар;28.01.2022;
Росбанк;"ООО ""ПРЕМИУМ КАР""";Краснодар;31.01.2022;
Драйв Клик;"ООО ""ПРЕМИУМ КАР""";Краснодар;31.01.2022;
Драйв Клик;"ООО ""ПРЕМИУМ КАР""";Краснодар;31.01.2022;
Драйв Клик;"ООО ""ПРЕМИУМ КАР""";Краснодар;31.01.2022;31.01.2022
Драйв Клик;"ООО ""ПРЕМИУМ КАР""";Краснодар;31.01.2022;
Росбанк;"ООО ""ПРЕМИУМ КАР""";Краснодар;31.01.2022;
Драйв Клик;"ООО ""ПРЕМИУМ КАР""";Краснодар;31.01.2022;
Росбанк;"ООО ""ПРЕМИУМ КАР""";Краснодар;31.01.2022;
Драйв Клик;"ООО ""ПРЕМИУМ КАР""";Краснодар;31.01.2022;
Росбанк;"ООО ""ПРЕМИУМ КАР""";Краснодар;31.01.2022;
Росбанк;"ООО ""ПРЕМИУМ КАР""";Краснодар;01.02.2022;
Росбанк;"ООО ""ПРЕМИУМ КАР""";Краснодар;01.02.2022;
Росбанк;"ООО ""ПРЕМИУМ КАР""";Краснодар;01.02.2022;
Росбанк;"ООО ""ПРЕМИУМ КАР""";Краснодар;01.02.2022;
Драйв Клик;"ООО ""ПРЕМИУМ КАР""";Краснодар;01.02.2022;
Драйв Клик;"ООО ""ПРЕМИУМ КАР""";Краснодар;01.02.2022;
Росбанк;"ООО ""ПРЕМИУМ КАР""";Краснодар;01.02.2022;
Росбанк;"ООО ""ПРЕМИУМ КАР""";Краснодар;01.02.2022;
Драйв Клик;"ООО ""ПРЕМИУМ КАР""";Краснодар;01.02.2022;
Росбанк;"ООО ""ПРЕМИУМ КАР""";Краснодар;01.02.2022;
Драйв Клик;"ООО ""ПРЕМИУМ КАР""";Краснодар;01.02.2022;
Росбанк;"ООО ""ПРЕМИУМ КАР""";Краснодар;01.02.2022;
Росбанк;"ООО ""ПРЕМИУМ КАР""";Краснодар;01.02.2022;
Драйв Клик;"ООО ""ПРЕМИУМ КАР""";Краснодар;01.02.2022;
Драйв Клик;"ООО ""ПРЕМИУМ КАР""";Краснодар;01.02.2022;
Драйв Клик;"ООО ""ПРЕМИУМ КАР""";Краснодар;01.02.2022;
Росбанк;"ООО ""ПРЕМИУМ КАР""";Краснодар;01.02.2022;
Драйв Клик;"ООО ""ПРЕМИУМ КАР""";Краснодар;02.02.2022;
Драйв Клик;"ООО ""ПРЕМИУМ КАР""";Краснодар;02.02.2022;
Драйв Клик;"ООО ""ПРЕМИУМ КАР""";Краснодар;02.02.2022;
Драйв Клик;"ООО ""ПРЕМИУМ КАР""";Краснодар;03.02.2022;
Драйв Клик;"ООО ""ПРЕМИУМ КАР""";Краснодар;03.02.2022;
Драйв Клик;"ООО ""ПРЕМИУМ КАР""";Краснодар;03.02.2022;
Драйв Клик;"ООО ""ПРЕМИУМ КАР""";Краснодар;04.02.2022;04.02.2022
Драйв Клик;"ООО ""ПРЕМИУМ КАР""";Краснодар;04.02.2022;
Драйв Клик;"ООО ""ПРЕМИУМ КАР""";Краснодар;04.02.2022;
Драйв Клик;"ООО ""ПРЕМИУМ КАР""";Краснодар;04.02.2022;
Драйв Клик;"ООО ""ПРЕМИУМ КАР""";Краснодар;04.02.2022;
Драйв Клик;"ООО ""ПРЕМИУМ КАР""";Краснодар;04.02.2022;
Драйв Клик;"ООО ""ПРЕМИУМ КАР""";Краснодар;04.02.2022;
Драйв Клик;"ООО ""ПРЕМИУМ КАР""";Краснодар;04.02.2022;
Драйв Клик;"ООО ""ПРЕМИУМ КАР""";Краснодар;06.02.2022;
Драйв Клик;"ООО ""ПРЕМИУМ КАР""";Краснодар;07.02.2022;
Драйв Клик;"ООО ""ПРЕМИУМ КАР""";Краснодар;07.02.2022;
Драйв Клик;"ООО ""ПРЕМИУМ КАР""";Краснодар;07.02.2022;
Драйв Клик;"ООО ""ПРЕМИУМ КАР""";Краснодар;07.02.2022;
Драйв Клик;"ООО ""ПРЕМИУМ КАР""";Краснодар;07.02.2022;
Драйв Клик;"ООО ""ПОРШЕ ЦЕНТР МОСКВА""";Москва;07.02.2022;07.02.2022
Драйв Клик;"ООО ""ПОРШЕ ЦЕНТР МОСКВА""";Москва;07.02.2022;
Драйв Клик;"ООО ""ПОРШЕ ЦЕНТР МОСКВА""";Москва;08.02.2022;
Драйв Клик;"ООО ""ПОРШЕ ЦЕНТР МОСКВА""";Москва;08.02.2022;
Драйв Клик;"ООО ""ПОРШЕ ЦЕНТР МОСКВА""";Москва;09.02.2022;09.02.2022
Драйв Клик;"ООО ""ПРЕМИУМ КАР""";Краснодар;10.02.2022;
Драйв Клик;"ООО ""ПОРШЕ ЦЕНТР МОСКВА""";Москва;11.02.2022;11.02.2022
Драйв Клик;"ООО ""ПОРШЕ ЦЕНТР МОСКВА""";Москва;11.02.2022;11.02.2022
Драйв Клик;"ООО ""ПОРШЕ ЦЕНТР МОСКВА""";Москва;11.02.2022;
Драйв Клик;"ООО ""ПОРШЕ ЦЕНТР МОСКВА""";Москва;11.02.2022;
Росбанк;"ООО ""ПОРШЕ ЦЕНТР МОСКВА""";Москва;11.02.2022;
Росбанк;"ООО ""ПОРШЕ ЦЕНТР МОСКВА""";Москва;14.02.2022;
Росбанк;"ООО ""ПОРШЕ ЦЕНТР МОСКВА""";Москва;15.02.2022;
Драйв Клик;"ООО ""ПОРШЕ ЦЕНТР МОСКВА""";Москва;15.02.2022;
Драйв Клик;"ООО ""ПОРШЕ ЦЕНТР МОСКВА""";Москва;15.02.2022;
Росбанк;"ООО ""ПОРШЕ ЦЕНТР МОСКВА""";Москва;15.02.2022;
Росбанк;"ООО ""ПОРШЕ ЦЕНТР МОСКВА""";Москва;15.02.2022;
Драйв Клик;"ООО ""ПОРШЕ ЦЕНТР МОСКВА""";Москва;15.02.2022;
Росбанк;"ООО ""ПОРШЕ ЦЕНТР МОСКВА""";Москва;15.02.2022;
Росбанк;"ООО ""ПОРШЕ ЦЕНТР МОСКВА""";Москва;15.02.2022;
Драйв Клик;"ООО ""ПОРШЕ ЦЕНТР МОСКВА""";Москва;15.02.2022;15.02.2022
Драйв Клик;"ООО ""ПОРШЕ ЦЕНТР МОСКВА""";Москва;16.02.2022;
Росбанк;"ООО ""ПОРШЕ ЦЕНТР МОСКВА""";Москва;16.02.2022;
Драйв Клик;"ООО ""ПОРШЕ ЦЕНТР МОСКВА""";Москва;16.02.2022;
Росбанк;"ООО ""ПОРШЕ ЦЕНТР МОСКВА""";Москва;16.02.2022;
Росбанк;"ООО ""ПОРШЕ ЦЕНТР МОСКВА""";Москва;17.02.2022;
Драйв Клик;"ООО ""ПОРШЕ ЦЕНТР МОСКВА""";Москва;18.02.2022;
Драйв Клик;"ООО ""ПОРШЕ ЦЕНТР МОСКВА""";Москва;18.02.2022;
Росбанк;"ООО ""ПОРШЕ ЦЕНТР МОСКВА""";Москва;18.02.2022;
Росбанк;"ООО ""ПОРШЕ ЦЕНТР МОСКВА""";Москва;22.02.2022;
Драйв Клик;"ООО ""ПОРШЕ ЦЕНТР МОСКВА""";Москва;24.02.2022;
Драйв Клик;"ООО ""ПОРШЕ ЦЕНТР МОСКВА""";Москва;24.02.2022;
Драйв Клик;"ООО ""ПОРШЕ ЦЕНТР МОСКВА""";Москва;24.02.2022;
Драйв Клик;"ООО ""ПОРШЕ ЦЕНТР МОСКВА""";Москва;24.02.2022;
Драйв Клик;"ООО ""ПОРШЕ ЦЕНТР МОСКВА""";Москва;24.02.2022;
Драйв Клик;"ООО ""ПОРШЕ ЦЕНТР МОСКВА""";Москва;24.02.2022;
Драйв Клик;"ООО ""ПОРШЕ ЦЕНТР МОСКВА""";Москва;24.02.2022;
Драйв Клик;"ООО ""ПОРШЕ ЦЕНТР МОСКВА""";Москва;24.02.2022;
Драйв Клик;"ООО ""ПОРШЕ ЦЕНТР МОСКВА""";Москва;24.02.2022;
Драйв Клик;"ООО ""ПОРШЕ ЦЕНТР МОСКВА""";Москва;24.02.2022;
Драйв Клик;"ООО ""ПОРШЕ ЦЕНТР МОСКВА""";Москва;24.02.2022;
Драйв Клик;"ООО ""ПОРШЕ ЦЕНТР МОСКВА""";Москва;24.02.2022;
Драйв Клик;"ООО ""ПОРШЕ ЦЕНТР МОСКВА""";Москва;24.02.2022;
Драйв Клик;"ООО ""ПОРШЕ ЦЕНТР МОСКВА""";Москва;25.02.2022;
Драйв Клик;"ООО ""ПОРШЕ ЦЕНТР МОСКВА""";Москва;25.02.2022;
Драйв Клик;"ООО ""ПОРШЕ ЦЕНТР МОСКВА""";Москва;25.02.2022;
Драйв Клик;"ООО ""ПОРШЕ ЦЕНТР МОСКВА""";Москва;25.02.2022;
Драйв Клик;"ООО ""ПОРШЕ ЦЕНТР МОСКВА""";Москва;25.02.2022;25.02.2022
Драйв Клик;"ООО ""ПОРШЕ ЦЕНТР МОСКВА""";Москва;25.02.2022;
Драйв Клик;"ООО ""ПОРШЕ ЦЕНТР МОСКВА""";Москва;25.02.2022;
Драйв Клик;"ООО ""ПОРШЕ ЦЕНТР МОСКВА""";Москва;25.02.2022;
Драйв Клик;"ООО ""ПОРШЕ ЦЕНТР МОСКВА""";Москва;25.02.2022;
Драйв Клик;"ООО ""ПОРШЕ ЦЕНТР МОСКВА""";Москва;25.02.2022;
Драйв Клик;"ООО ""ПОРШЕ ЦЕНТР МОСКВА""";Москва;25.02.2022;
Драйв Клик;"ООО ""ПОРШЕ ЦЕНТР МОСКВА""";Москва;25.02.2022;
Драйв Клик;"ООО ""ПОРШЕ ЦЕНТР МОСКВА""";Москва;25.02.2022;
Драйв Клик;"ООО ""ПОРШЕ ЦЕНТР МОСКВА""";Москва;25.02.2022;
Драйв Клик;"ООО ""ПОРШЕ ЦЕНТР МОСКВА""";Москва;26.02.2022;
Драйв Клик;"ООО ""ПОРШЕ ЦЕНТР МОСКВА""";Москва;26.02.2022;
Драйв Клик;"ООО ""ПОРШЕ ЦЕНТР МОСКВА""";Москва;26.02.2022;
Драйв Клик;"ООО ""ПОРШЕ ЦЕНТР МОСКВА""";Москва;26.02.2022;
Драйв Клик;"ООО ""ПОРШЕ ЦЕНТР МОСКВА""";Москва;26.02.2022;
Драйв Клик;"ООО ""ПОРШЕ ЦЕНТР МОСКВА""";Москва;26.02.2022;
Драйв Клик;"ООО ""ПОРШЕ ЦЕНТР МОСКВА""";Москва;26.02.2022;
Драйв Клик;"ООО ""ПОРШЕ ЦЕНТР МОСКВА""";Москва;26.02.2022;
Драйв Клик;"ООО ""ПОРШЕ ЦЕНТР МОСКВА""";Москва;26.02.2022;
Драйв Клик;"ООО ""ПОРШЕ ЦЕНТР МОСКВА""";Москва;26.02.2022;
Драйв Клик;"ООО ""ПОРШЕ ЦЕНТР МОСКВА""";Москва;26.02.2022;
Драйв Клик;"ООО ""ПОРШЕ ЦЕНТР МОСКВА""";Москва;26.02.2022;
Драйв Клик;"ООО ""ПОРШЕ ЦЕНТР МОСКВА""";Москва;26.02.2022;
Драйв Клик;"ООО ""ПОРШЕ ЦЕНТР МОСКВА""";Москва;26.02.2022;
Драйв Клик;"ООО ""ПОРШЕ ЦЕНТР МОСКВА""";Москва;26.02.2022;
Драйв Клик;"ООО ""ПОРШЕ ЦЕНТР МОСКВА""";Москва;26.02.2022;
Драйв Клик;"ООО ""ПОРШЕ ЦЕНТР МОСКВА""";Москва;26.02.2022;
Драйв Клик;"ООО ""ПОРШЕ ЦЕНТР МОСКВА""";Москва;26.02.2022;
Драйв Клик;"ООО ""ПОРШЕ ЦЕНТР МОСКВА""";Москва;26.02.2022;
Драйв Клик;"ООО ""ПОРШЕ ЦЕНТР МОСКВА""";Москва;26.02.2022;
Драйв Клик;"ООО ""ПОРШЕ ЦЕНТР МОСКВА""";Москва;26.02.2022;
Драйв Клик;"ООО ""ПОРШЕ ЦЕНТР МОСКВА""";Москва;26.02.2022;
Драйв Клик;"ООО ""ПОРШЕ ЦЕНТР МОСКВА""";Москва;26.02.2022;
Драйв Клик;"ООО ""ПОРШЕ ЦЕНТР МОСКВА""";Москва;26.02.2022;
Драйв Клик;"ООО ""ПОРШЕ ЦЕНТР МОСКВА""";Москва;26.02.2022;
Драйв Клик;"ООО ""ПОРШЕ ЦЕНТР МОСКВА""";Москва;26.02.2022;
Драйв Клик;"ООО ""ПОРШЕ ЦЕНТР МОСКВА""";Москва;26.02.2022;
Драйв Клик;"ООО ""ПОРШЕ ЦЕНТР МОСКВА""";Москва;26.02.2022;
Драйв Клик;"ООО ""ПОРШЕ ЦЕНТР МОСКВА""";Москва;26.02.2022;
Драйв Клик;"ООО ""ПОРШЕ ЦЕНТР МОСКВА""";Москва;26.02.2022;
Драйв Клик;"ООО ""ПОРШЕ ЦЕНТР МОСКВА""";Москва;26.02.2022;
Драйв Клик;"ООО ""ПОРШЕ ЦЕНТР МОСКВА""";Москва;26.02.2022;
Драйв Клик;"ООО ""ПОРШЕ ЦЕНТР МОСКВА""";Москва;26.02.2022;
Драйв Клик;"ООО ""ПОРШЕ ЦЕНТР МОСКВА""";Москва;26.02.2022;
Драйв Клик;"ООО ""ПОРШЕ ЦЕНТР МОСКВА""";Москва;26.02.2022;
Драйв Клик;"ООО ""ПОРШЕ ЦЕНТР МОСКВА""";Москва;26.02.2022;
Драйв Клик;"ООО ""ПОРШЕ ЦЕНТР МОСКВА""";Москва;26.02.2022;
Драйв Клик;"ООО ""ПОРШЕ ЦЕНТР МОСКВА""";Москва;26.02.2022;
Драйв Клик;"ООО ""ПОРШЕ ЦЕНТР МОСКВА""";Москва;26.02.2022;
Драйв Клик;"ООО ""ПОРШЕ ЦЕНТР МОСКВА""";Москва;28.02.2022;
Драйв Клик;"ООО ""ПОРШЕ ЦЕНТР МОСКВА""";Москва;28.02.2022;
Драйв Клик;"ООО ""ПОРШЕ ЦЕНТР МОСКВА""";Москва;01.03.2022;
Росбанк;"ООО ""ПОРШЕ ЦЕНТР МОСКВА""";Москва;01.03.2022;
Росбанк;"ООО ""ПОРШЕ ЦЕНТР МОСКВА""";Москва;01.03.2022;
Росбанк;"ООО ""ПОРШЕ ЦЕНТР МОСКВА""";Москва;02.03.2022;
Росбанк;"ООО ""ПОРШЕ ЦЕНТР МОСКВА""";Москва;02.03.2022;
Росбанк;"ООО ""ПОРШЕ ЦЕНТР МОСКВА""";Москва;02.03.2022;
Росбанк;"ООО ""ПОРШЕ ЦЕНТР МОСКВА""";Москва;02.03.2022;
Росбанк;"ООО ""ПОРШЕ ЦЕНТР МОСКВА""";Москва;02.03.2022;
Росбанк;"ООО ""ПОРШЕ ЦЕНТР МОСКВА""";Москва;02.03.2022;
Драйв Клик;"ООО ""ПОРШЕ ЦЕНТР МОСКВА""";Москва;03.03.2022;
Драйв Клик;"ООО ""ПОРШЕ ЦЕНТР МОСКВА""";Москва;03.03.2022;
Драйв Клик;"ООО ""ПОРШЕ ЦЕНТР МОСКВА""";Москва;03.03.2022;
Драйв Клик;"ООО ""ПОРШЕ ЦЕНТР МОСКВА""";Москва;03.03.2022;
Драйв Клик;"ООО ""ПОРШЕ ЦЕНТР МОСКВА""";Москва;03.03.2022;
Росбанк;"ООО ""ПОРШЕ ЦЕНТР МОСКВА""";Москва;03.03.2022;
Росбанк;"ООО ""ПОРШЕ ЦЕНТР МОСКВА""";Москва;03.03.2022;
Драйв Клик;"ООО ""ПОРШЕ ЦЕНТР МОСКВА""";Москва;03.03.2022;
Росбанк;"ООО ""ПОРШЕ ЦЕНТР МОСКВА""";Москва;03.03.2022;
Росбанк;"ООО ""ПОРШЕ ЦЕНТР МОСКВА""";Москва;03.03.2022;
Драйв Клик;"ООО ""ПОРШЕ ЦЕНТР МОСКВА""";Москва;03.03.2022;03.03.2022
Росбанк;"ООО ""ПОРШЕ ЦЕНТР МОСКВА""";Москва;03.03.2022;
Росбанк;"ООО ""ПОРШЕ ЦЕНТР МОСКВА""";Москва;03.03.2022;
Драйв Клик;"ООО ""ПОРШЕ ЦЕНТР МОСКВА""";Москва;03.03.2022;
Росбанк;"ООО ""ПОРШЕ ЦЕНТР МОСКВА""";Москва;09.03.2022;
Росбанк;"ООО ""ПОРШЕ ЦЕНТР МОСКВА""";Москва;09.03.2022;
Драйв Клик;"ООО ""ПОРШЕ ЦЕНТР МОСКВА""";Москва;10.03.2022;
Росбанк;"ООО ""ПОРШЕ ЦЕНТР МОСКВА""";Москва;10.03.2022;
Драйв Клик;"ООО ""ПОРШЕ ЦЕНТР МОСКВА""";Москва;11.03.2022;
Росбанк;"ООО ""ПОРШЕ ЦЕНТР МОСКВА""";Москва;14.03.2022;
Росбанк;"ООО ""ПОРШЕ ЦЕНТР МОСКВА""";Москва;14.03.2022;
Росбанк;"ООО ""ПОРШЕ ЦЕНТР МОСКВА""";Москва;14.03.2022;
Росбанк;"ООО ""ПОРШЕ ЦЕНТР МОСКВА""";Москва;15.03.2022;
Драйв Клик;"ООО ""ПОРШЕ ЦЕНТР МОСКВА""";Москва;15.03.2022;
Драйв Клик;"ООО ""ПОРШЕ ЦЕНТР МОСКВА""";Москва;15.03.2022;
Драйв Клик;"ООО ""ПОРШЕ ЦЕНТР МОСКВА""";Москва;15.03.2022;
Драйв Клик;"ООО ""ПОРШЕ ЦЕНТР МОСКВА""";Москва;15.03.2022;
Драйв Клик;"ООО ""ПОРШЕ ЦЕНТР МОСКВА""";Москва;15.03.2022;16.03.2022
Росбанк;"ООО ""ПОРШЕ ЦЕНТР МОСКВА""";Москва;15.03.2022;
Драйв Клик;"ООО ""ПОРШЕ ЦЕНТР МОСКВА""";Москва;16.03.2022;
Росбанк;"ООО ""ПОРШЕ ЦЕНТР МОСКВА""";Москва;16.03.2022;
Драйв Клик;"ООО ""ПОРШЕ ЦЕНТР МОСКВА""";Москва;16.03.2022;16.03.2022
Росбанк;"ООО ""ПОРШЕ ЦЕНТР МОСКВА""";Москва;16.03.2022;
Росбанк;"ООО ""ПОРШЕ ЦЕНТР МОСКВА""";Москва;16.03.2022;
Драйв Клик;"ООО ""ПОРШЕ ЦЕНТР МОСКВА""";Москва;16.03.2022;
Драйв Клик;"ООО ""ПОРШЕ ЦЕНТР МОСКВА""";Москва;16.03.2022;
Драйв Клик;"ООО ""ПОРШЕ ЦЕНТР МОСКВА""";Москва;21.03.2022;
Росбанк;"ООО ""ПОРШЕ ЦЕНТР МОСКВА""";Москва;21.03.2022;
Драйв Клик;"ООО ""ПОРШЕ ЦЕНТР МОСКВА""";Москва;21.03.2022;
Росбанк;"ООО ""ПОРШЕ ЦЕНТР МОСКВА""";Москва;21.03.2022;
Росбанк;"ООО ""ПОРШЕ ЦЕНТР МОСКВА""";Москва;21.03.2022;
Драйв Клик;"ООО ""ПОРШЕ ЦЕНТР МОСКВА""";Москва;21.03.2022;
Драйв Клик;"ООО ""ПОРШЕ ЦЕНТР МОСКВА""";Москва;22.03.2022;
Росбанк;"ООО ""ПОРШЕ ЦЕНТР МОСКВА""";Москва;23.03.2022;
Драйв Клик;"ООО ""ПОРШЕ ЦЕНТР МОСКВА""";Москва;28.03.2022;28.03.2022
Росбанк;"ООО ""ПОРШЕ ЦЕНТР МОСКВА""";Москва;28.03.2022;
Росбанк;"ООО ""ПОРШЕ ЦЕНТР МОСКВА""";Москва;28.03.2022;
Драйв Клик;"ООО ""ПОРШЕ ЦЕНТР МОСКВА""";Москва;28.03.2022;
Росбанк;"ООО ""ПОРШЕ ЦЕНТР МОСКВА""";Москва;28.03.2022;
Драйв Клик;"ООО ""ПОРШЕ ЦЕНТР МОСКВА""";Москва;28.03.2022;
Драйв Клик;"ООО ""ПОРШЕ ЦЕНТР МОСКВА""";Москва;29.03.2022;
Росбанк;"ООО ""ПОРШЕ ЦЕНТР МОСКВА""";Москва;29.03.2022;
Драйв Клик;"ООО ""ПОРШЕ ЦЕНТР МОСКВА""";Москва;29.03.2022;
Росбанк;"ООО ""ПОРШЕ ЦЕНТР МОСКВА""";Москва;29.03.2022;
Росбанк;"ООО ""ПОРШЕ ЦЕНТР МОСКВА""";Москва;29.03.2022;
ФастБанк;"ООО ""ПОРШЕ ЦЕНТР МОСКВА""";Москва;30.03.2022;30.03.2022
Драйв Клик;"ООО ""ПОРШЕ ЦЕНТР МОСКВА""";Москва;30.03.2022;
Росбанк;"ООО ""ПОРШЕ ЦЕНТР МОСКВА""";Москва;30.03.2022;
Росбанк;"ООО ""ПОРШЕ ЦЕНТР МОСКВА""";Москва;30.03.2022;
Росбанк;"ООО ""ПОРШЕ ЦЕНТР МОСКВА""";Москва;30.03.2022;
ФастБанк;"ООО ""ПОРШЕ ЦЕНТР МОСКВА""";Москва;30.03.2022;
Росбанк;"ООО ""ПОРШЕ ЦЕНТР МОСКВА""";Москва;30.03.2022;
Росбанк;"ООО ""ПОРШЕ ЦЕНТР МОСКВА""";Москва;01.04.2022;
ФастБанк;"ООО ""ПОРШЕ ЦЕНТР МОСКВА""";Москва;01.04.2022;
Драйв Клик;"ООО ""ПОРШЕ ЦЕНТР МОСКВА""";Москва;01.04.2022;
Росбанк;"ООО ""ПОРШЕ ЦЕНТР МОСКВА""";Москва;01.04.2022;
Росбанк;"ООО ""ПОРШЕ ЦЕНТР МОСКВА""";Москва;01.04.2022;
Росбанк;"ООО ""ПОРШЕ ЦЕНТР МОСКВА""";Москва;01.04.2022;
Росбанк;"ООО ""ПОРШЕ ЦЕНТР МОСКВА""";Москва;01.04.2022;
Драйв Клик;"ООО ""ПОРШЕ ЦЕНТР МОСКВА""";Москва;02.04.2022;
Росбанк;"ООО ""ПОРШЕ ЦЕНТР МОСКВА""";Москва;03.04.2022;
Росбанк;"ООО ""ПОРШЕ ЦЕНТР МОСКВА""";Москва;04.04.2022;
Драйв Клик;"ООО ""ПОРШЕ ЦЕНТР МОСКВА""";Москва;04.04.2022;
Росбанк;"ООО ""ПОРШЕ ЦЕНТР МОСКВА""";Москва;04.04.2022;
ФастБанк;"ООО ""ПОРШЕ ЦЕНТР МОСКВА""";Москва;05.04.2022;
Драйв Клик;"ООО ""ПОРШЕ ЦЕНТР МОСКВА""";Москва;06.04.2022;
Драйв Клик;"ООО ""ПОРШЕ ЦЕНТР МОСКВА""";Москва;06.04.2022;
Росбанк;"ООО ""ПОРШЕ ЦЕНТР МОСКВА""";Москва;06.04.2022;
Драйв Клик;"ООО ""ПОРШЕ ЦЕНТР МОСКВА""";Москва;07.04.2022;07.04.2022
Росбанк;"ООО ""ПОРШЕ ЦЕНТР МОСКВА""";Москва;07.04.2022;
Драйв Клик;"ООО ""ПОРШЕ ЦЕНТР МОСКВА""";Москва;07.04.2022;07.04.2022
Драйв Клик;"ООО ""ПОРШЕ ЦЕНТР МОСКВА""";Москва;07.04.2022;
Росбанк;"ООО ""ПОРШЕ ЦЕНТР МОСКВА""";Москва;08.04.2022;
Драйв Клик;"ООО ""ПОРШЕ ЦЕНТР МОСКВА""";Москва;08.04.2022;
Росбанк;"ООО ""ПОРШЕ ЦЕНТР МОСКВА""";Москва;08.04.2022;
Драйв Клик;"ООО ""ПОРШЕ ЦЕНТР МОСКВА""";Москва;11.04.2022;
Росбанк;"ООО ""ПОРШЕ ЦЕНТР МОСКВА""";Москва;11.04.2022;
Росбанк;"ООО ""ПОРШЕ ЦЕНТР МОСКВА""";Москва;13.04.2022;
Драйв Клик;"ООО ""ПОРШЕ ЦЕНТР МОСКВА""";Москва;13.04.2022;
Драйв Клик;"ООО ""ПОРШЕ ЦЕНТР МОСКВА""";Москва;14.04.2022;
Росбанк;"ООО ""ПОРШЕ ЦЕНТР МОСКВА""";Москва;15.04.2022;
Росбанк;"ООО ""ПОРШЕ ЦЕНТР МОСКВА""";Москва;18.04.2022;
Драйв Клик;"ООО ""ПОРШЕ ЦЕНТР МОСКВА""";Москва;20.04.2022;
Росбанк;"ООО ""ПОРШЕ ЦЕНТР МОСКВА""";Москва;20.04.2022;
Росбанк;Fresh Auto Ростов-на-Дону;Тюмень;23.04.2022;
Драйв Клик;"ООО ""ПОРШЕ ЦЕНТР МОСКВА""";Москва;25.04.2022;
Росбанк;Хавейл Кунцево;Ростов-на-Дону;27.04.2022;
Росбанк;Хавейл Кунцево;Ростов-на-Дону;27.04.2022;
Росбанк;Хавейл Кунцево;Ростов-на-Дону;27.04.2022;
Росбанк;Хавейл Кунцево;Ростов-на-Дону;27.04.2022;
Росбанк;Хавейл Кунцево;Ростов-на-Дону;27.04.2022;
Росбанк;Хавейл Кунцево;Ростов-на-Дону;27.04.2022;
Росбанк;Хавейл Кунцево;Ростов-на-Дону;28.04.2022;
Росбанк;Хавейл Кунцево;Ростов-на-Дону;01.05.2022;
Росбанк;Хавейл Кунцево;Ростов-на-Дону;05.05.2022;
Драйв Клик;ТЕСТ СЕТЕЛЕМ;Москва;06.05.2022;06.05.2022
Росбанк;Хавейл Кунцево;Ростов-на-Дону;11.05.2022;
Росбанк;Хавейл Кунцево;Ростов-на-Дону;12.05.2022;
Росбанк;Хавейл Кунцево;Ростов-на-Дону;12.05.2022;
ФастБанк;Хавейл Кунцево;Ростов-на-Дону;12.05.2022;12.05.2022
Росбанк;Хавейл Кунцево;Ростов-на-Дону;12.05.2022;
Росбанк;Хавейл Кунцево;Ростов-на-Дону;12.05.2022;
Росбанк;Хавейл Кунцево;Ростов-на-Дону;13.05.2022;
Росбанк;Хавейл Кунцево;Ростов-на-Дону;16.05.2022;
Росбанк;Хавейл Кунцево;Ростов-на-Дону;17.05.2022;
Драйв Клик;ТЕСТ СЕТЕЛЕМ;Москва;18.05.2022;
Драйв Клик;ТЕСТ СЕТЕЛЕМ;Москва;18.05.2022;
Росбанк;Хавейл Кунцево;Ростов-на-Дону;18.05.2022;
Росбанк;Хавейл Кунцево;Ростов-на-Дону;18.05.2022;
Росбанк;Хавейл Кунцево;Ростов-на-Дону;18.05.2022;
Росбанк;АМКАПИТАЛ (Самара);Самара;18.05.2022;
Росбанк;Хавейл Кунцево;Ростов-на-Дону;18.05.2022;
Росбанк;Хавейл Кунцево;Ростов-на-Дону;19.05.2022;
Росбанк;Хавейл Кунцево;Ростов-на-Дону;19.05.2022;
Росбанк;Хавейл Кунцево;Ростов-на-Дону;20.05.2022;
Росбанк;АМКАПИТАЛ (Ярославль);Ярославль;23.05.2022;
Росбанк;Хавейл Кунцево;Ростов-на-Дону;24.05.2022;
Росбанк;"ООО ""ПОРШЕ ЦЕНТР МОСКВА""";Москва;24.05.2022;
Росбанк;Хавейл Кунцево;Ростов-на-Дону;24.05.2022;
Росбанк;Хавейл Кунцево;Ростов-на-Дону;25.05.2022;
Росбанк;"ООО ""ПОРШЕ ЦЕНТР МОСКВА""";Москва;25.05.2022;
Росбанк;Хавейл Кунцево;Ростов-на-Дону;26.05.2022;
Росбанк;Хавейл Кунцево;Ростов-на-Дону;26.05.2022;
Росбанк;Хавейл Кунцево;Ростов-на-Дону;26.05.2022;
Росбанк;Хавейл Кунцево;Ростов-на-Дону;26.05.2022;
Росбанк;Хавейл Кунцево;Ростов-на-Дону;26.05.2022;
Росбанк;Хавейл Кунцево;Ростов-на-Дону;26.05.2022;
Росбанк;Хавейл Кунцево;Ростов-на-Дону;27.05.2022;
Росбанк;Хавейл Кунцево;Ростов-на-Дону;27.05.2022;
Росбанк;Хавейл Кунцево;Ростов-на-Дону;27.05.2022;
Росбанк;Хавейл Кунцево;Ростов-на-Дону;27.05.2022;
Росбанк;Хавейл Кунцево;Ростов-на-Дону;27.05.2022;
Росбанк;Хавейл Кунцево;Ростов-на-Дону;27.05.2022;
Росбанк;Хавейл Кунцево;Ростов-на-Дону;30.05.2022;
Росбанк;Хавейл Кунцево;Ростов-на-Дону;30.05.2022;
Росбанк;Хавейл Кунцево;Ростов-на-Дону;31.05.2022;
Росбанк;Хавейл Кунцево;Ростов-на-Дону;31.05.2022;
Росбанк;Хавейл Кунцево;Ростов-на-Дону;01.06.2022;
Росбанк;Хавейл Кунцево;Ростов-на-Дону;01.06.2022;
Росбанк;Хавейл Кунцево;Ростов-на-Дону;01.06.2022;
Росбанк;Хавейл Кунцево;Ростов-на-Дону;01.06.2022;
Драйв Клик;"ООО ""Квант"" (Волгоград)  ";Свободный;01.06.2022;01.06.2022
Росбанк;АМКАПИТАЛ (Самара);Самара;01.06.2022;
Росбанк;Хавейл Кунцево;Ростов-на-Дону;01.06.2022;
Росбанк;АМКАПИТАЛ (Самара);Самара;02.06.2022;
Росбанк;АМКАПИТАЛ (Самара);Самара;02.06.2022;
Росбанк;АМКАПИТАЛ (Самара);Самара;02.06.2022;
Драйв Клик;"ООО ""Квант"" (Волгоград)  ";Свободный;02.06.2022;02.06.2022
Драйв Клик;"ООО ""Квант"" (Волгоград)  ";Свободный;02.06.2022;02.06.2022
Росбанк;АМКАПИТАЛ (Самара);Самара;03.06.2022;
Росбанк;АМКАПИТАЛ (Самара);Самара;03.06.2022;
Росбанк;АМКАПИТАЛ (Самара);Самара;06.06.2022;
Росбанк;АМКАПИТАЛ (Самара);Самара;06.06.2022;
Росбанк;АМКАПИТАЛ (Самара);Самара;06.06.2022;
Драйв Клик;"ООО ""Квант"" (Волгоград)  ";Свободный;07.06.2022;
Драйв Клик;"ООО ""Квант"" (Волгоград)  ";Свободный;07.06.2022;
Драйв Клик;"ООО ""Квант"" (Волгоград)  ";Свободный;08.06.2022;
Драйв Клик;"ООО ""Квант"" (Волгоград)  ";Свободный;08.06.2022;
Росбанк;АМКАПИТАЛ (Самара);Самара;10.06.2022;
Драйв Клик;"ООО ""Квант"" (Волгоград)  ";Свободный;14.06.2022;
Драйв Клик;"ООО ""Квант"" (Волгоград)  ";Свободный;14.06.2022;
Драйв Клик;"ООО ""Квант"" (Волгоград)  ";Свободный;14.06.2022;
Росбанк;АМКАПИТАЛ (Самара);Самара;17.06.2022;
Драйв Клик;"ООО ""Квант"" (Волгоград)  ";Свободный;17.06.2022;17.06.2022
Росбанк;АМКАПИТАЛ (Самара);Самара;20.06.2022;
Росбанк;АМКАПИТАЛ (Самара);Самара;20.06.2022;
Росбанк;АМКАПИТАЛ (Самара);Самара;20.06.2022;
Росбанк;АМКАПИТАЛ (Самара);Самара;21.06.2022;
Росбанк;АМКАПИТАЛ (Самара);Самара;21.06.2022;
Росбанк;АМКАПИТАЛ (Самара);Самара;21.06.2022;
Росбанк;Хавейл Кунцево;Ростов-на-Дону;23.06.2022;
Росбанк;АМКАПИТАЛ (Самара);Самара;23.06.2022;
Драйв Клик;"ООО ""Квант"" (Волгоград)  ";Свободный;24.06.2022;
Драйв Клик;"ООО ""Квант"" (Волгоград)  ";Свободный;27.06.2022;
Росбанк;АМКАПИТАЛ (Самара);Самара;27.06.2022;
Драйв Клик;"ООО ""Квант"" (Волгоград)  ";Свободный;27.06.2022;
Драйв Клик;"ООО ""Квант"" (Волгоград)  ";Свободный;27.06.2022;
Драйв Клик;"ООО ""Квант"" (Волгоград)  ";Свободный;27.06.2022;27.06.2022
Драйв Клик;"ООО ""Квант"" (Волгоград)  ";Свободный;27.06.2022;27.06.2022
Драйв Клик;"ООО ""Квант"" (Волгоград)  ";Свободный;27.06.2022;27.06.2022
Драйв Клик;"ООО ""Квант"" (Волгоград)  ";Свободный;28.06.2022;28.06.2022
Драйв Клик;"ООО ""Квант"" (Волгоград)  ";Свободный;28.06.2022;28.06.2022
Драйв Клик;"ООО ""Квант"" (Волгоград)  ";Свободный;28.06.2022;
Драйв Клик;"ООО ""Квант"" (Волгоград)  ";Свободный;28.06.2022;
Драйв Клик;"ООО ""Квант"" (Волгоград)  ";Свободный;30.06.2022;
Росбанк;Хавейл Кунцево;Ростов-на-Дону;04.07.2022;
Росбанк;АМКАПИТАЛ (Самара);Самара;05.07.2022;
Росбанк;АМКАПИТАЛ (Самара);Самара;05.07.2022;
Росбанк;АМКАПИТАЛ (Самара);Самара;05.07.2022;
Росбанк;АМКАПИТАЛ (Самара);Самара;06.07.2022;
Росбанк;АМКАПИТАЛ (Самара);Самара;06.07.2022;
Росбанк;АМКАПИТАЛ (Самара);Самара;06.07.2022;
Драйв Клик;"ООО ""Квант"" (Волгоград)  ";Свободный;06.07.2022;
Росбанк;АМКАПИТАЛ (Самара);Самара;06.07.2022;
Росбанк;АМКАПИТАЛ (Самара);Самара;06.07.2022;
Росбанк;АМКАПИТАЛ (Самара);Самара;11.07.2022;
Росбанк;АМКАПИТАЛ (Самара);Самара;11.07.2022;
Росбанк;АМКАПИТАЛ (Самара);Самара;11.07.2022;
Росбанк;АМКАПИТАЛ (Самара);Самара;12.07.2022;
Росбанк;АМКАПИТАЛ (Самара);Самара;12.07.2022;
Росбанк;АМКАПИТАЛ (Самара);Самара;13.07.2022;
Драйв Клик;АМКАПИТАЛ ООО (Дмитровское шоссе);Самара;13.07.2022;15.07.2022
Росбанк;"ООО ""Квант"" (Волгоград)  ";Свободный;15.07.2022;
Драйв Клик;"ООО ""Квант"" (Волгоград)  ";Свободный;18.07.2022;18.07.2022
Росбанк;АМКАПИТАЛ (Самара);Самара;18.07.2022;
Драйв Клик;"ООО ""Квант"" (Волгоград)  ";Свободный;18.07.2022;
Драйв Клик;"ООО ""Квант"" (Волгоград)  ";Свободный;18.07.2022;
Росбанк;"ООО ""Квант"" (Волгоград)  ";Свободный;18.07.2022;
Росбанк;АМКАПИТАЛ (Самара);Самара;22.07.2022;
Росбанк;АМКАПИТАЛ (Самара);Самара;22.07.2022;
Росбанк;АМКАПИТАЛ (Самара);Самара;25.07.2022;
Росбанк;АМКАПИТАЛ (Самара);Самара;26.07.2022;
Росбанк;АМКАПИТАЛ (Самара);Самара;26.07.2022;
Росбанк;АМКАПИТАЛ (Самара);Самара;26.07.2022;
Росбанк;АМКАПИТАЛ (Самара);Самара;26.07.2022;
Росбанк;АМКАПИТАЛ (Самара);Самара;27.07.2022;
Росбанк;АМКАПИТАЛ (Самара);Самара;28.07.2022;
Росбанк;АМКАПИТАЛ (Самара);Самара;29.07.2022;
Драйв Клик;"ООО ""Квант"" (Волгоград)  ";Свободный;29.07.2022;
Росбанк;АМКАПИТАЛ (Самара);Самара;30.07.2022;
Росбанк;АМКАПИТАЛ (Самара);Самара;30.07.2022;
Росбанк;АМКАПИТАЛ (Самара);Самара;30.07.2022;
Совкомбанк;АМКАПИТАЛ ООО (Дмитровское шоссе);Самара;01.08.2022;
Совкомбанк;АМКАПИТАЛ ООО (Дмитровское шоссе);Самара;02.08.2022;
Совкомбанк;АМКАПИТАЛ ООО (Дмитровское шоссе);Самара;02.08.2022;
Росбанк;АМКАПИТАЛ (Самара);Самара;02.08.2022;
Совкомбанк;АМКАПИТАЛ ООО (Дмитровское шоссе);Самара;03.08.2022;
Совкомбанк;АМКАПИТАЛ ООО (Дмитровское шоссе);Самара;04.08.2022;
Драйв Клик;"ООО ""Квант"" (Волгоград)  ";Свободный;04.08.2022;
Драйв Клик;"ООО ""Квант"" (Волгоград)  ";Свободный;04.08.2022;
Драйв Клик;"ООО ""Квант"" (Волгоград)  ";Свободный;05.08.2022;
Росбанк;АМКАПИТАЛ (Самара);Самара;05.08.2022;
Совкомбанк;АМКАПИТАЛ ООО (Дмитровское шоссе);Самара;05.08.2022;
Совкомбанк;АМКАПИТАЛ ООО (Дмитровское шоссе);Самара;08.08.2022;
Драйв Клик;"ООО ""Квант"" (Волгоград)  ";Свободный;08.08.2022;
Совкомбанк;АМКАПИТАЛ ООО (Дмитровское шоссе);Самара;08.08.2022;
Росбанк;АМКАПИТАЛ (Самара);Самара;08.08.2022;
Драйв Клик;"ООО ""Квант"" (Волгоград)  ";Свободный;09.08.2022;09.08.2022
Совкомбанк;АМКАПИТАЛ ООО (Дмитровское шоссе);Самара;09.08.2022;
Совкомбанк;АМКАПИТАЛ ООО (Дмитровское шоссе);Самара;10.08.2022;
Росбанк;АМКАПИТАЛ (Самара);Самара;10.08.2022;
Совкомбанк;АМКАПИТАЛ ООО (Дмитровское шоссе);Самара;11.08.2022;
Совкомбанк;АМКАПИТАЛ ООО (Дмитровское шоссе);Самара;11.08.2022;
Совкомбанк;АМКАПИТАЛ ООО (Дмитровское шоссе);Самара;11.08.2022;
Совкомбанк;АМКАПИТАЛ ООО (Дмитровское шоссе);Самара;11.08.2022;
Драйв Клик;АМ Капитал Архангельск;Архангельск;12.08.2022;
Драйв Клик;АМ Капитал Архангельск;Архангельск;15.08.2022;
Драйв Клик;АМ Капитал Архангельск;Архангельск;15.08.2022;
Драйв Клик;АМ Капитал Архангельск;Архангельск;15.08.2022;
Драйв Клик;АМ Капитал Архангельск;Архангельск;15.08.2022;15.08.2022
Совкомбанк;АМКАПИТАЛ ООО (Дмитровское шоссе);Самара;15.08.2022;
Совкомбанк;АМКАПИТАЛ ООО (Дмитровское шоссе);Самара;15.08.2022;
Совкомбанк;АМКАПИТАЛ ООО (Дмитровское шоссе);Самара;16.08.2022;
Совкомбанк;АМКАПИТАЛ ООО (Дмитровское шоссе);Самара;16.08.2022;
Совкомбанк;АМКАПИТАЛ ООО (Дмитровское шоссе);Самара;16.08.2022;
Совкомбанк;АМКАПИТАЛ ООО (Дмитровское шоссе);Самара;16.08.2022;
Росбанк;АМКАПИТАЛ (Самара);Самара;16.08.2022;
Драйв Клик;АМ Капитал Архангельск;Архангельск;17.08.2022;17.08.2022
Драйв Клик;АМ Капитал Архангельск;Архангельск;17.08.2022;
Совкомбанк;АМКАПИТАЛ ООО (Дмитровское шоссе);Самара;18.08.2022;
Совкомбанк;АМКАПИТАЛ ООО (Дмитровское шоссе);Самара;18.08.2022;
Совкомбанк;АМКАПИТАЛ ООО (Дмитровское шоссе);Самара;18.08.2022;
Драйв Клик;АМ Капитал Архангельск;Архангельск;18.08.2022;18.08.2022
Драйв Клик;АМ Капитал Архангельск;Архангельск;18.08.2022;
Драйв Клик;АМ Капитал Архангельск;Архангельск;18.08.2022;
Совкомбанк;АМКАПИТАЛ ООО (Дмитровское шоссе);Самара;18.08.2022;
Драйв Клик;АМ Капитал Архангельск;Архангельск;18.08.2022;
Совкомбанк;АМКАПИТАЛ ООО (Дмитровское шоссе);Самара;18.08.2022;
Совкомбанк;АМКАПИТАЛ ООО (Дмитровское шоссе);Самара;18.08.2022;
Драйв Клик;"ООО ""Квант"" (Волгоград)  ";Свободный;19.08.2022;
Совкомбанк;АМКАПИТАЛ ООО (Дмитровское шоссе);Самара;19.08.2022;
Росбанк;АМКАПИТАЛ (Ставропольская);;19.08.2022;
Совкомбанк;АМКАПИТАЛ ООО (Дмитровское шоссе);Самара;19.08.2022;
Росбанк;АМКАПИТАЛ (Самара);Самара;19.08.2022;
Совкомбанк;АМКАПИТАЛ ООО (Дмитровское шоссе);Самара;19.08.2022;
Росбанк;"ООО ""Квант"" (Волгоград)  ";Свободный;19.08.2022;
Совкомбанк;АМКАПИТАЛ ООО (Дмитровское шоссе);Самара;22.08.2022;
Совкомбанк;АМКАПИТАЛ ООО (Дмитровское шоссе);Самара;22.08.2022;
Совкомбанк;АМКАПИТАЛ ООО (Дмитровское шоссе);Самара;22.08.2022;
Драйв Клик;"ООО ""Квант"" (Волгоград)  ";Свободный;22.08.2022;
Росбанк;"ООО ""Квант"" (Волгоград)  ";Свободный;22.08.2022;
Совкомбанк;АМКАПИТАЛ ООО (Дмитровское шоссе);Самара;22.08.2022;
Совкомбанк;АМКАПИТАЛ ООО (Дмитровское шоссе);Самара;23.08.2022;
Совкомбанк;АМКАПИТАЛ ООО (Дмитровское шоссе);Самара;23.08.2022;
Росбанк;АМКАПИТАЛ (Самара);Самара;23.08.2022;
Совкомбанк;АМКАПИТАЛ ООО (Дмитровское шоссе);Самара;23.08.2022;
Росбанк;АМКАПИТАЛ (Ставропольская);;23.08.2022;
Росбанк;АМКАПИТАЛ (Ставропольская);;23.08.2022;
Совкомбанк;АМКАПИТАЛ ООО (Дмитровское шоссе);Самара;23.08.2022;
Росбанк;АМКАПИТАЛ (Самара);Самара;23.08.2022;
Совкомбанк;АМКАПИТАЛ ООО (Дмитровское шоссе);Самара;23.08.2022;
Совкомбанк;АМКАПИТАЛ ООО (Дмитровское шоссе);Самара;23.08.2022;
Совкомбанк;АМКАПИТАЛ ООО (Дмитровское шоссе);Самара;23.08.2022;
Совкомбанк;АМКАПИТАЛ ООО (Дмитровское шоссе);Самара;23.08.2022;
Совкомбанк;АМКАПИТАЛ ООО (Дмитровское шоссе);Самара;24.08.2022;
Совкомбанк;АМКАПИТАЛ ООО (Дмитровское шоссе);Самара;24.08.2022;
Совкомбанк;АМКАПИТАЛ ООО (Дмитровское шоссе);Самара;24.08.2022;
Драйв Клик;"ООО ""Квант"" (Волгоград)  ";Свободный;24.08.2022;
Росбанк;АМКАПИТАЛ (Ставропольская);;24.08.2022;
Драйв Клик;"ООО ""Квант"" (Волгоград)  ";Свободный;25.08.2022;
Совкомбанк;АМКАПИТАЛ ООО (Дмитровское шоссе);Самара;25.08.2022;
Драйв Клик;АМ Капитал Архангельск;Архангельск;25.08.2022;26.08.2022
Совкомбанк;АМКАПИТАЛ ООО (Дмитровское шоссе);Самара;26.08.2022;
Совкомбанк;АМКАПИТАЛ ООО (Дмитровское шоссе);Самара;26.08.2022;
Совкомбанк;АМКАПИТАЛ (Ярославль);Ярославль;26.08.2022;
Росбанк;"ООО ""Квант"" (Волгоград)  ";Свободный;26.08.2022;
Драйв Клик;АМ Капитал Архангельск;Архангельск;26.08.2022;26.08.2022
Совкомбанк;АМКАПИТАЛ ООО (Дмитровское шоссе);Самара;26.08.2022;
Совкомбанк;АМКАПИТАЛ ООО (Дмитровское шоссе);Самара;26.08.2022;
Росбанк;АМКАПИТАЛ (Самара);Самара;26.08.2022;
Драйв Клик;"ООО ""Квант"" (Волгоград)  ";Свободный;27.08.2022;
Совкомбанк;АМКАПИТАЛ ООО (Дмитровское шоссе);Самара;29.08.2022;
Росбанк;АМ Капитал Архангельск;Архангельск;29.08.2022;
Совкомбанк;АМКАПИТАЛ ООО (Дмитровское шоссе);Самара;29.08.2022;
Драйв Клик;АМ Капитал Архангельск;Архангельск;29.08.2022;
Драйв Клик;АМ Капитал Архангельск;Архангельск;29.08.2022;
Совкомбанк;АМКАПИТАЛ ООО (Дмитровское шоссе);Самара;29.08.2022;
Драйв Клик;"ООО ""Квант"" (Волгоград)  ";Свободный;30.08.2022;
Драйв Клик;"ООО ""Квант"" (Волгоград)  ";Свободный;30.08.2022;
Совкомбанк;АМКАПИТАЛ ООО (Дмитровское шоссе);Самара;31.08.2022;
Росбанк;"ООО ""Квант"" (Волгоград)  ";Свободный;31.08.2022;
Росбанк;АМКАПИТАЛ (Самара);Самара;31.08.2022;
Драйв Клик;"ООО ""Квант"" (Волгоград)  ";Свободный;31.08.2022;31.08.2022
Росбанк;АМКАПИТАЛ (Самара);Самара;31.08.2022;
Совкомбанк;АМКАПИТАЛ ООО (Дмитровское шоссе);Самара;31.08.2022;
Драйв Клик;"ООО ""Квант"" (Волгоград)  ";Свободный;01.09.2022;
Росбанк;"ООО ""Квант"" (Волгоград)  ";Свободный;01.09.2022;
Росбанк;АМКАПИТАЛ (Самара);Самара;01.09.2022;
Драйв Клик;АМ Капитал Архангельск;Архангельск;02.09.2022;
Росбанк;"ООО ""Квант"" (Волгоград)  ";Свободный;02.09.2022;
Драйв Клик;"ООО ""Квант"" (Волгоград)  ";Свободный;02.09.2022;
Росбанк;АМ Капитал Архангельск;Архангельск;02.09.2022;
Росбанк;АМКАПИТАЛ (Самара);Самара;02.09.2022;
Росбанк;"ООО ""Квант"" (Волгоград)  ";Свободный;02.09.2022;
Росбанк;"ООО ""Квант"" (Волгоград)  ";Свободный;02.09.2022;
Совкомбанк;АМКАПИТАЛ ООО (Дмитровское шоссе);Самара;05.09.2022;
Совкомбанк;АМКАПИТАЛ ООО (Дмитровское шоссе);Самара;05.09.2022;
Совкомбанк;АМКАПИТАЛ ООО (Дмитровское шоссе);Самара;05.09.2022;
Драйв Клик;"ООО ""Квант"" (Волгоград)  ";Свободный;06.09.2022;
Драйв Клик;"ООО ""Квант"" (Волгоград)  ";Свободный;06.09.2022;
Драйв Клик;"ООО ""Квант"" (Волгоград)  ";Свободный;06.09.2022;
Росбанк;"ООО ""Квант"" (Волгоград)  ";Свободный;06.09.2022;
Росбанк;"ООО ""Квант"" (Волгоград)  ";Свободный;06.09.2022;
Совкомбанк;АМКАПИТАЛ ООО (Дмитровское шоссе);Самара;06.09.2022;06.09.2022
Росбанк;"ООО ""Квант"" (Волгоград)  ";Свободный;06.09.2022;
Росбанк;"ООО ""Квант"" (Волгоград)  ";Свободный;06.09.2022;
Драйв Клик;"ООО ""Квант"" (Волгоград)  ";Свободный;07.09.2022;07.09.2022
Драйв Клик;"ООО ""Квант"" (Волгоград)  ";Свободный;07.09.2022;
Совкомбанк;АМКАПИТАЛ ООО (Дмитровское шоссе);Самара;07.09.2022;
Росбанк;"ООО ""Квант"" (Волгоград)  ";Свободный;08.09.2022;
Драйв Клик;"ООО ""Квант"" (Волгоград)  ";Свободный;08.09.2022;
Росбанк;"ООО ""Квант"" (Волгоград)  ";Свободный;08.09.2022;
Совкомбанк;АМКАПИТАЛ ООО (Дмитровское шоссе);Самара;08.09.2022;
Совкомбанк;АМКАПИТАЛ ООО (Дмитровское шоссе);Самара;08.09.2022;
Совкомбанк;АМКАПИТАЛ ООО (Дмитровское шоссе);Самара;08.09.2022;
Совкомбанк;АМКАПИТАЛ ООО (Дмитровское шоссе);Самара;09.09.2022;
Росбанк;"ООО ""Квант"" (Волгоград)  ";Свободный;09.09.2022;
Росбанк;"ООО ""Квант"" (Волгоград)  ";Свободный;10.09.2022;
Совкомбанк;АМКАПИТАЛ ООО (Дмитровское шоссе);Самара;12.09.2022;
Совкомбанк;АМКАПИТАЛ ООО (Дмитровское шоссе);Самара;12.09.2022;
Росбанк;"ООО ""Квант"" (Волгоград)  ";Свободный;12.09.2022;
Драйв Клик;"ООО ""Квант"" (Волгоград)  ";Свободный;12.09.2022;
Драйв Клик;"ООО ""Квант"" (Волгоград)  ";Свободный;12.09.2022;
Росбанк;"ООО ""Квант"" (Волгоград)  ";Свободный;12.09.2022;
Совкомбанк;АМКАПИТАЛ ООО (Дмитровское шоссе);Самара;12.09.2022;
Драйв Клик;"ООО ""Квант"" (Волгоград)  ";Свободный;12.09.2022;
Совкомбанк;АМКАПИТАЛ ООО (Дмитровское шоссе);Самара;13.09.2022;
Совкомбанк;АМКАПИТАЛ ООО (Дмитровское шоссе);Самара;13.09.2022;
Совкомбанк;АМКАПИТАЛ ООО (Дмитровское шоссе);Самара;13.09.2022;
Совкомбанк;АМКАПИТАЛ ООО (Дмитровское шоссе);Самара;14.09.2022;
Росбанк;"ООО ""Квант"" (Волгоград)  ";Свободный;14.09.2022;
Совкомбанк;АМКАПИТАЛ ООО (Дмитровское шоссе);Самара;15.09.2022;
Совкомбанк;АМКАПИТАЛ (Самара);Самара;15.09.2022;
Совкомбанк;АМКАПИТАЛ ООО (Дмитровское шоссе);Самара;15.09.2022;
Совкомбанк;АМКАПИТАЛ ООО (Дмитровское шоссе);Самара;16.09.2022;
Совкомбанк;АМКАПИТАЛ ООО (Дмитровское шоссе);Самара;16.09.2022;
Совкомбанк;АМКАПИТАЛ ООО (Дмитровское шоссе);Самара;16.09.2022;
Росбанк;"ООО ""Квант"" (Волгоград)  ";Свободный;19.09.2022;
Совкомбанк;АМКАПИТАЛ ООО (Дмитровское шоссе);Самара;19.09.2022;
Совкомбанк;АМКАПИТАЛ ООО (Дмитровское шоссе);Самара;19.09.2022;
Совкомбанк;АМКАПИТАЛ ООО (Дмитровское шоссе);Самара;20.09.2022;
Совкомбанк;АМКАПИТАЛ ООО (Дмитровское шоссе);Самара;21.09.2022;
Совкомбанк;АМКАПИТАЛ ООО (Дмитровское шоссе);Самара;21.09.2022;
Совкомбанк;АМКАПИТАЛ ООО (Дмитровское шоссе);Самара;21.09.2022;
Совкомбанк;АМКАПИТАЛ ООО (Дмитровское шоссе);Самара;21.09.2022;
Совкомбанк;АМКАПИТАЛ ООО (Дмитровское шоссе);Самара;21.09.2022;
Совкомбанк;АМКАПИТАЛ ООО (Дмитровское шоссе);Самара;21.09.2022;
Совкомбанк;АМКАПИТАЛ ООО (Дмитровское шоссе);Самара;21.09.2022;
Совкомбанк;АМКАПИТАЛ ООО (Дмитровское шоссе);Самара;21.09.2022;
Совкомбанк;АМКАПИТАЛ ООО (Дмитровское шоссе);Самара;22.09.2022;
Драйв Клик;"ООО ""Квант"" (Волгоград)  ";Свободный;22.09.2022;
Совкомбанк;АМКАПИТАЛ ООО (Дмитровское шоссе);Самара;22.09.2022;
Совкомбанк;АМКАПИТАЛ ООО (Дмитровское шоссе);Самара;22.09.2022;
Совкомбанк;АМКАПИТАЛ ООО (Дмитровское шоссе);Самара;22.09.2022;
Совкомбанк;АМКАПИТАЛ ООО (Дмитровское шоссе);Самара;22.09.2022;
Росбанк;"ООО ""Квант"" (Волгоград)  ";Свободный;22.09.2022;
Драйв Клик;"ООО ""Квант"" (Волгоград)  ";Свободный;22.09.2022;
Драйв Клик;"ООО ""Квант"" (Волгоград)  ";Свободный;23.09.2022;23.09.2022
Росбанк;Lucky Motors;Екатеринбург;23.09.2022;
Совкомбанк;АМКАПИТАЛ ООО (Дмитровское шоссе);Самара;23.09.2022;
Совкомбанк;АМКАПИТАЛ ООО (Дмитровское шоссе);Самара;23.09.2022;
Совкомбанк;АМКАПИТАЛ ООО (Дмитровское шоссе);Самара;23.09.2022;
Драйв Клик;"ООО ""Квант"" (Волгоград)  ";Свободный;23.09.2022;
Совкомбанк;АМКАПИТАЛ ООО (Дмитровское шоссе);Самара;23.09.2022;
Росбанк;"ООО ""Квант"" (Волгоград)  ";Свободный;23.09.2022;
Совкомбанк;АМКАПИТАЛ ООО (Дмитровское шоссе);Самара;23.09.2022;
Совкомбанк;АМКАПИТАЛ ООО (Дмитровское шоссе);Самара;23.09.2022;
Совкомбанк;АМКАПИТАЛ ООО (Дмитровское шоссе);Самара;26.09.2022;
Совкомбанк;АМКАПИТАЛ ООО (Дмитровское шоссе);Самара;26.09.2022;
Совкомбанк;АМКАПИТАЛ ООО (Дмитровское шоссе);Самара;27.09.2022;
Совкомбанк;АМКАПИТАЛ ООО (Дмитровское шоссе);Самара;27.09.2022;
Совкомбанк;АМКАПИТАЛ ООО (Дмитровское шоссе);Самара;27.09.2022;
Совкомбанк;АМКАПИТАЛ ООО (Дмитровское шоссе);Самара;27.09.2022;
Совкомбанк;АМКАПИТАЛ ООО (Дмитровское шоссе);Самара;27.09.2022;
Росбанк;"ООО ""Квант"" (Волгоград)  ";Свободный;27.09.2022;
Росбанк;"ООО ""Квант"" (Волгоград)  ";Свободный;28.09.2022;
Совкомбанк;АМКАПИТАЛ ООО (Дмитровское шоссе);Самара;28.09.2022;
Совкомбанк;АМКАПИТАЛ ООО (Дмитровское шоссе);Самара;28.09.2022;
Совкомбанк;АМКАПИТАЛ ООО (Дмитровское шоссе);Самара;28.09.2022;
Росбанк;"ООО ""Квант"" (Волгоград)  ";Свободный;28.09.2022;
Драйв Клик;"ООО ""Квант"" (Волгоград)  ";Свободный;28.09.2022;
Росбанк;"ООО ""Квант"" (Волгоград)  ";Свободный;28.09.2022;
Совкомбанк;АМКАПИТАЛ ООО (Дмитровское шоссе);Самара;29.09.2022;
Росбанк;"ООО ""Квант"" (Волгоград)  ";Свободный;29.09.2022;
Совкомбанк;АМКАПИТАЛ ООО (Дмитровское шоссе);Самара;29.09.2022;
Драйв Клик;"ООО ""Квант"" (Волгоград)  ";Свободный;29.09.2022;
Росбанк;"ООО ""Квант"" (Волгоград)  ";Свободный;30.09.2022;
Драйв Клик;"ООО ""Квант"" (Волгоград)  ";Свободный;30.09.2022;
Драйв Клик;"ООО ""Квант"" (Волгоград)  ";Свободный;30.09.2022;30.09.2022
Драйв Клик;"ООО ""Квант"" (Волгоград)  ";Свободный;30.09.2022;
Драйв Клик;"ООО ""Квант"" (Волгоград)  ";Свободный;02.10.2022;
Совкомбанк;АМКАПИТАЛ ООО (Дмитровское шоссе);Самара;03.10.2022;
Совкомбанк;АМКАПИТАЛ ООО (Дмитровское шоссе);Самара;03.10.2022;
Драйв Клик;"ООО ""Квант"" (Волгоград)  ";Свободный;03.10.2022;
Драйв Клик;"ООО ""Квант"" (Волгоград)  ";Свободный;03.10.2022;
Совкомбанк;АМКАПИТАЛ ООО (Дмитровское шоссе);Самара;03.10.2022;
Росбанк;АМКАПИТАЛ (Самара);Самара;03.10.2022;
Совкомбанк;АМКАПИТАЛ ООО (Дмитровское шоссе);Самара;04.10.2022;
Совкомбанк;АМКАПИТАЛ ООО (Дмитровское шоссе);Самара;04.10.2022;
Совкомбанк;АМКАПИТАЛ ООО (Дмитровское шоссе);Самара;04.10.2022;
Драйв Клик;"ООО ""Квант"" (Волгоград)  ";Свободный;04.10.2022;
Совкомбанк;АМКАПИТАЛ ООО (Дмитровское шоссе);Самара;04.10.2022;
Драйв Клик;"ООО ""Квант"" (Волгоград)  ";Свободный;04.10.2022;
Совкомбанк;АМКАПИТАЛ ООО (Дмитровское шоссе);Самара;05.10.2022;
Росбанк;АМКАПИТАЛ ООО (Дмитровское шоссе);Самара;05.10.2022;
Драйв Клик;"ООО ""Квант"" (Волгоград)  ";Свободный;05.10.2022;
Совкомбанк;АМКАПИТАЛ ООО (Дмитровское шоссе);Самара;05.10.2022;
Драйв Клик;АМ Капитал Архангельск;Архангельск;06.10.2022;06.10.2022
Драйв Клик;АМ Капитал Архангельск;Архангельск;06.10.2022;
Драйв Клик;АМ Капитал Архангельск;Архангельск;06.10.2022;
Драйв Клик;АМ Капитал Архангельск;Архангельск;06.10.2022;
Росбанк;"ООО ""Квант"" (Волгоград)  ";Свободный;06.10.2022;
Драйв Клик;"ООО ""Квант"" (Волгоград)  ";Свободный;06.10.2022;
Драйв Клик;"ООО ""Квант"" (Волгоград)  ";Свободный;06.10.2022;06.10.2022
Совкомбанк;АМКАПИТАЛ ООО (Дмитровское шоссе);Самара;07.10.2022;
Росбанк;"ООО ""Квант"" (Волгоград)  ";Свободный;07.10.2022;
Совкомбанк;АМКАПИТАЛ ООО (Дмитровское шоссе);Самара;07.10.2022;
Росбанк;"ООО ""Квант"" (Волгоград)  ";Свободный;07.10.2022;
Совкомбанк;АМКАПИТАЛ ООО (Дмитровское шоссе);Самара;10.10.2022;
Драйв Клик;"ООО ""Квант"" (Волгоград)  ";Свободный;10.10.2022;10.10.2022
Росбанк;"ООО ""Квант"" (Волгоград)  ";Свободный;10.10.2022;
Росбанк;"ООО ""Квант"" (Волгоград)  ";Свободный;10.10.2022;
Драйв Клик;"ООО ""Квант"" (Волгоград)  ";Свободный;11.10.2022;
Росбанк;"ООО ""Квант"" (Волгоград)  ";Свободный;11.10.2022;
Росбанк;"ООО ""Квант"" (Волгоград)  ";Свободный;11.10.2022;
Совкомбанк;АМКАПИТАЛ ООО (Дмитровское шоссе);Самара;12.10.2022;
Росбанк;"ООО ""Квант"" (Волгоград)  ";Свободный;12.10.2022;
Росбанк;"ООО ""Квант"" (Волгоград)  ";Свободный;12.10.2022;
Совкомбанк;АМКАПИТАЛ ООО (Дмитровское шоссе);Самара;12.10.2022;12.10.2022
Совкомбанк;АМКАПИТАЛ ООО (Дмитровское шоссе);Самара;13.10.2022;
Совкомбанк;АМКАПИТАЛ ООО (Дмитровское шоссе);Самара;13.10.2022;
Драйв Клик;"ООО ""Квант"" (Волгоград)  ";Свободный;13.10.2022;
Росбанк;"ООО ""Квант"" (Волгоград)  ";Свободный;13.10.2022;
Росбанк;"ООО ""Квант"" (Волгоград)  ";Свободный;13.10.2022;
Совкомбанк;АМКАПИТАЛ ООО (Дмитровское шоссе);Самара;13.10.2022;
Росбанк;"ООО ""Квант"" (Волгоград)  ";Свободный;13.10.2022;
Драйв Клик;"ООО ""Квант"" (Волгоград)  ";Свободный;13.10.2022;
Росбанк;АМКАПИТАЛ (Самара);Самара;13.10.2022;
Росбанк;"ООО ""Квант"" (Волгоград)  ";Свободный;13.10.2022;
Совкомбанк;АМКАПИТАЛ ООО (Дмитровское шоссе);Самара;13.10.2022;
Совкомбанк;АМКАПИТАЛ ООО (Дмитровское шоссе);Самара;13.10.2022;
Совкомбанк;АМКАПИТАЛ ООО (Дмитровское шоссе);Самара;13.10.2022;
Драйв Клик;"ООО ""Квант"" (Волгоград)  ";Свободный;13.10.2022;
Совкомбанк;АМКАПИТАЛ ООО (Дмитровское шоссе);Самара;13.10.2022;
Драйв Клик;"ООО ""Квант"" (Волгоград)  ";Свободный;14.10.2022;
Совкомбанк;АМКАПИТАЛ ООО (Дмитровское шоссе);Самара;14.10.2022;
Совкомбанк;АМКАПИТАЛ ООО (Дмитровское шоссе);Самара;14.10.2022;
Совкомбанк;АМКАПИТАЛ ООО (Дмитровское шоссе);Самара;14.10.2022;
Совкомбанк;АМКАПИТАЛ ООО (Дмитровское шоссе);Самара;14.10.2022;
Совкомбанк;АМКАПИТАЛ ООО (Дмитровское шоссе);Самара;14.10.2022;
Совкомбанк;АМКАПИТАЛ ООО (Дмитровское шоссе);Самара;14.10.2022;
Совкомбанк;АМКАПИТАЛ ООО (Дмитровское шоссе);Самара;14.10.2022;
Совкомбанк;АМКАПИТАЛ ООО (Дмитровское шоссе);Самара;14.10.2022;
Совкомбанк;АМКАПИТАЛ ООО (Дмитровское шоссе);Самара;14.10.2022;
Драйв Клик;"ООО ""Квант"" (Волгоград)  ";Свободный;15.10.2022;17.10.2022
Совкомбанк;АМКАПИТАЛ ООО (Дмитровское шоссе);Самара;17.10.2022;17.10.2022
Совкомбанк;АМКАПИТАЛ ООО (Дмитровское шоссе);Самара;17.10.2022;
Совкомбанк;АМКАПИТАЛ ООО (Дмитровское шоссе);Самара;17.10.2022;
Драйв Клик;"ООО ""Квант"" (Волгоград)  ";Свободный;17.10.2022;17.10.2022
Росбанк;"ООО ""Квант"" (Волгоград)  ";Свободный;17.10.2022;
Драйв Клик;"ООО ""Квант"" (Волгоград)  ";Свободный;17.10.2022;17.10.2022
Росбанк;"ООО ""Квант"" (Волгоград)  ";Свободный;17.10.2022;
Драйв Клик;"ООО ""Квант"" (Волгоград)  ";Свободный;17.10.2022;
Драйв Клик;"ООО ""Квант"" (Волгоград)  ";Свободный;17.10.2022;
Росбанк;"ООО ""Квант"" (Волгоград)  ";Свободный;17.10.2022;
Совкомбанк;АМКАПИТАЛ ООО (Дмитровское шоссе);Самара;17.10.2022;
Совкомбанк;АМКАПИТАЛ ООО (Дмитровское шоссе);Самара;18.10.2022;
Совкомбанк;АМКАПИТАЛ ООО (Дмитровское шоссе);Самара;18.10.2022;
Росбанк;"ООО ""Квант"" (Волгоград)  ";Свободный;18.10.2022;
Совкомбанк;АМКАПИТАЛ ООО (Дмитровское шоссе);Самара;19.10.2022;
Совкомбанк;АМКАПИТАЛ ООО (Дмитровское шоссе);Самара;19.10.2022;
Совкомбанк;АМКАПИТАЛ ООО (Дмитровское шоссе);Самара;20.10.2022;
Совкомбанк;АМКАПИТАЛ ООО (Дмитровское шоссе);Самара;20.10.2022;
Совкомбанк;АМКАПИТАЛ ООО (Дмитровское шоссе);Самара;20.10.2022;
Росбанк;"ООО ""Квант"" (Волгоград)  ";Свободный;20.10.2022;
Росбанк;АМКАПИТАЛ (Самара);Самара;21.10.2022;
Росбанк;АМКАПИТАЛ (Самара);Самара;21.10.2022;
Совкомбанк;АМКАПИТАЛ ООО (Дмитровское шоссе);Самара;21.10.2022;
Драйв Клик;"ООО ""Квант"" (Волгоград)  ";Свободный;24.10.2022;
Совкомбанк;АМКАПИТАЛ ООО (Дмитровское шоссе);Самара;24.10.2022;
Совкомбанк;АМКАПИТАЛ ООО (Дмитровское шоссе);Самара;24.10.2022;
Росбанк;"ООО ""Квант"" (Волгоград)  ";Свободный;24.10.2022;
Совкомбанк;АМКАПИТАЛ ООО (Дмитровское шоссе);Самара;24.10.2022;
Росбанк;"ООО ""Квант"" (Волгоград)  ";Свободный;25.10.2022;
Совкомбанк;АМКАПИТАЛ ООО (Дмитровское шоссе);Самара;25.10.2022;
Совкомбанк;АМКАПИТАЛ ООО (Дмитровское шоссе);Самара;25.10.2022;25.10.2022
Совкомбанк;АМКАПИТАЛ ООО (Дмитровское шоссе);Самара;26.10.2022;26.10.2022
Драйв Клик;"ООО ""Квант"" (Волгоград)  ";Свободный;26.10.2022;
Драйв Клик;"ООО ""Квант"" (Волгоград)  ";Свободный;26.10.2022;26.10.2022
Драйв Клик;"ООО ""Квант"" (Волгоград)  ";Свободный;26.10.2022;26.10.2022
Росбанк;"ООО ""Квант"" (Волгоград)  ";Свободный;26.10.2022;
Драйв Клик;"ООО ""Квант"" (Волгоград)  ";Свободный;26.10.2022;26.10.2022
Росбанк;"ООО ""Квант"" (Волгоград)  ";Свободный;26.10.2022;
Росбанк;"ООО ""Квант"" (Волгоград)  ";Свободный;26.10.2022;
Росбанк;"ООО ""Квант"" (Волгоград)  ";Свободный;26.10.2022;
Росбанк;"ООО ""Квант"" (Волгоград)  ";Свободный;26.10.2022;
Росбанк;"ООО ""Квант"" (Волгоград)  ";Свободный;26.10.2022;
Совкомбанк;АМКАПИТАЛ ООО (Дмитровское шоссе);Самара;27.10.2022;
Совкомбанк;АМКАПИТАЛ ООО (Дмитровское шоссе);Самара;27.10.2022;
Росбанк;"ООО ""Квант"" (Волгоград)  ";Свободный;27.10.2022;
Росбанк;"ООО ""Квант"" (Волгоград)  ";Свободный;27.10.2022;
Росбанк;"ООО ""Квант"" (Волгоград)  ";Свободный;27.10.2022;
Росбанк;АМКАПИТАЛ (Самара);Самара;27.10.2022;
Совкомбанк;АМКАПИТАЛ ООО (Дмитровское шоссе);Самара;28.10.2022;28.10.2022
Совкомбанк;АМКАПИТАЛ ООО (Дмитровское шоссе);Самара;28.10.2022;
Совкомбанк;АМКАПИТАЛ ООО (Дмитровское шоссе);Самара;28.10.2022;
Совкомбанк;АМКАПИТАЛ ООО (Дмитровское шоссе);Самара;28.10.2022;
Совкомбанк;АМКАПИТАЛ ООО (Дмитровское шоссе);Самара;28.10.2022;
Росбанк;"ООО ""Квант"" (Волгоград)  ";Свободный;31.10.2022;
Совкомбанк;АМКАПИТАЛ ООО (Дмитровское шоссе);Самара;31.10.2022;31.10.2022
Росбанк;АМКАПИТАЛ (Самара);Самара;31.10.2022;
Росбанк;АМКАПИТАЛ (Самара);Самара;31.10.2022;
Совкомбанк;АМКАПИТАЛ ООО (Дмитровское шоссе);Самара;01.11.2022;
Совкомбанк;АМКАПИТАЛ ООО (Дмитровское шоссе);Самара;01.11.2022;
Совкомбанк;АМКАПИТАЛ ООО (Дмитровское шоссе);Самара;01.11.2022;01.11.2022
Совкомбанк;АМКАПИТАЛ ООО (Дмитровское шоссе);Самара;01.11.2022;
Совкомбанк;АМКАПИТАЛ ООО (Дмитровское шоссе);Самара;02.11.2022;
Росбанк;"ООО ""Квант"" (Волгоград)  ";Свободный;02.11.2022;
Драйв Клик;"ООО ""Квант"" (Волгоград)  ";Свободный;02.11.2022;
Драйв Клик;"ООО ""Квант"" (Волгоград)  ";Свободный;02.11.2022;
Драйв Клик;АМ Капитал Архангельск;Архангельск;02.11.2022;
Росбанк;"ООО ""Квант"" (Волгоград)  ";Свободный;02.11.2022;
Росбанк;АМКАПИТАЛ (Самара);Самара;02.11.2022;
Драйв Клик;"ООО ""Квант"" (Волгоград)  ";Свободный;02.11.2022;02.11.2022
Росбанк;"ООО ""Квант"" (Волгоград)  ";Свободный;02.11.2022;
Совкомбанк;АМКАПИТАЛ ООО (Дмитровское шоссе);Самара;02.11.2022;
Драйв Клик;АМ Капитал Архангельск;Архангельск;03.11.2022;03.11.2022
Совкомбанк;АМКАПИТАЛ ООО (Дмитровское шоссе);Самара;03.11.2022;
Совкомбанк;АМКАПИТАЛ ООО (Дмитровское шоссе);Самара;03.11.2022;
Драйв Клик;"ООО ""Квант"" (Волгоград)  ";Свободный;03.11.2022;
Драйв Клик;"ООО ""Квант"" (Волгоград)  ";Свободный;03.11.2022;
Драйв Клик;"ООО ""Квант"" (Волгоград)  ";Свободный;03.11.2022;
Росбанк;"ООО ""Квант"" (Волгоград)  ";Свободный;03.11.2022;
Росбанк;АМКАПИТАЛ (Самара);Самара;03.11.2022;
Росбанк;АМКАПИТАЛ (Самара);Самара;03.11.2022;
Драйв Клик;"ООО ""Квант"" (Волгоград)  ";Свободный;07.11.2022;07.11.2022
Росбанк;"ООО ""Квант"" (Волгоград)  ";Свободный;07.11.2022;
Росбанк;АМКАПИТАЛ (Самара);Самара;07.11.2022;
Росбанк;АМКАПИТАЛ (Самара);Самара;07.11.2022;
Драйв Клик;"ООО ""Квант"" (Волгоград)  ";Свободный;07.11.2022;07.11.2022
Росбанк;"ООО ""Квант"" (Волгоград)  ";Свободный;07.11.2022;
Драйв Клик;"ООО ""Квант"" (Волгоград)  ";Свободный;08.11.2022;
Росбанк;"ООО ""Квант"" (Волгоград)  ";Свободный;09.11.2022;
Совкомбанк;АМКАПИТАЛ ООО (Дмитровское шоссе);Самара;09.11.2022;09.11.2022
Совкомбанк;АМКАПИТАЛ ООО (Дмитровское шоссе);Самара;09.11.2022;
Росбанк;"ООО ""Квант"" (Волгоград)  ";Свободный;10.11.2022;
Росбанк;"ООО ""Квант"" (Волгоград)  ";Свободный;10.11.2022;
Драйв Клик;"ООО ""Квант"" (Волгоград)  ";Свободный;11.11.2022;11.11.2022
Росбанк;"ООО ""Квант"" (Волгоград)  ";Свободный;11.11.2022;
Росбанк;"ООО ""Квант"" (Волгоград)  ";Свободный;11.11.2022;
Росбанк;"ООО ""Квант"" (Волгоград)  ";Свободный;11.11.2022;
Росбанк;"ООО ""Квант"" (Волгоград)  ";Свободный;11.11.2022;
Росбанк;"ООО ""Квант"" (Волгоград)  ";Свободный;11.11.2022;
Совкомбанк;АМКАПИТАЛ ООО (Дмитровское шоссе);Самара;11.11.2022;
Драйв Клик;"ООО ""Квант"" (Волгоград)  ";Свободный;14.11.2022;
Драйв Клик;"ООО ""Квант"" (Волгоград)  ";Свободный;14.11.2022;
Драйв Клик;"ООО ""Квант"" (Волгоград)  ";Свободный;14.11.2022;
Драйв Клик;"ООО ""Квант"" (Волгоград)  ";Свободный;14.11.2022;
Драйв Клик;"ООО ""Квант"" (Волгоград)  ";Свободный;14.11.2022;
Совкомбанк;АМКАПИТАЛ ООО (Дмитровское шоссе);Самара;14.11.2022;
Драйв Клик;"ООО ""Квант"" (Волгоград)  ";Свободный;14.11.2022;
Драйв Клик;"ООО ""Квант"" (Волгоград)  ";Свободный;14.11.2022;
Росбанк;"ООО ""Квант"" (Волгоград)  ";Свободный;14.11.2022;
Совкомбанк;АМКАПИТАЛ ООО (Дмитровское шоссе);Самара;15.11.2022;
Драйв Клик;"ООО ""Квант"" (Волгоград)  ";Свободный;15.11.2022;
Росбанк;"ООО ""Квант"" (Волгоград)  ";Свободный;15.11.2022;
Росбанк;"ООО ""Квант"" (Волгоград)  ";Свободный;15.11.2022;
Совкомбанк;АМКАПИТАЛ ООО (Дмитровское шоссе);Самара;15.11.2022;
Совкомбанк;АМКАПИТАЛ ООО (Дмитровское шоссе);Самара;15.11.2022;
Росбанк;АМКАПИТАЛ (Самара);Самара;15.11.2022;
Росбанк;"ООО ""Квант"" (Волгоград)  ";Свободный;15.11.2022;
Драйв Клик;"ООО ""Квант"" (Волгоград)  ";Свободный;15.11.2022;
Росбанк;АМКАПИТАЛ (Самара);Самара;15.11.2022;
Драйв Клик;"ООО ""Квант"" (Волгоград)  ";Свободный;15.11.2022;
Росбанк;"ООО ""Квант"" (Волгоград)  ";Свободный;15.11.2022;
Драйв Клик;"ООО ""Квант"" (Волгоград)  ";Свободный;16.11.2022;
Росбанк;"ООО ""Квант"" (Волгоград)  ";Свободный;16.11.2022;
Драйв Клик;"ООО ""Квант"" (Волгоград)  ";Свободный;16.11.2022;
Росбанк;"ООО ""Квант"" (Волгоград)  ";Свободный;16.11.2022;
Драйв Клик;"ООО ""Квант"" (Волгоград)  ";Свободный;16.11.2022;
Росбанк;"ООО ""Квант"" (Волгоград)  ";Свободный;16.11.2022;
Росбанк;АМКАПИТАЛ (Самара);Самара;16.11.2022;
Драйв Клик;АМКАПИТАЛ (Самара);Самара;16.11.2022;
Драйв Клик;"ООО ""Квант"" (Волгоград)  ";Свободный;16.11.2022;
Росбанк;"ООО ""Квант"" (Волгоград)  ";Свободный;16.11.2022;
Росбанк;"ООО ""Квант"" (Волгоград)  ";Свободный;17.11.2022;
Драйв Клик;"ООО ""Квант"" (Волгоград)  ";Свободный;17.11.2022;
Драйв Клик;"ООО ""Квант"" (Волгоград)  ";Свободный;17.11.2022;
Росбанк;"ООО ""Квант"" (Волгоград)  ";Свободный;17.11.2022;
Драйв Клик;АМКАПИТАЛ (Самара);Самара;17.11.2022;
Росбанк;"ООО ""Квант"" (Волгоград)  ";Свободный;17.11.2022;
Росбанк;"ООО ""Квант"" (Волгоград)  ";Свободный;17.11.2022;
Росбанк;"ООО ""Квант"" (Волгоград)  ";Свободный;17.11.2022;
Росбанк;"ООО ""Квант"" (Волгоград)  ";Свободный;18.11.2022;
Росбанк;"ООО ""Квант"" (Волгоград)  ";Свободный;18.11.2022;
Росбанк;"ООО ""Квант"" (Волгоград)  ";Свободный;18.11.2022;
Росбанк;"ООО ""Квант"" (Волгоград)  ";Свободный;18.11.2022;
Росбанк;"ООО ""Квант"" (Волгоград)  ";Свободный;18.11.2022;
Росбанк;"ООО ""Квант"" (Волгоград)  ";Свободный;18.11.2022;
Росбанк;"ООО ""Квант"" (Волгоград)  ";Свободный;18.11.2022;
Росбанк;АМКАПИТАЛ (Самара);Самара;18.11.2022;
Драйв Клик;АМКАПИТАЛ (Самара);Самара;18.11.2022;
Росбанк;АМКАПИТАЛ (Самара);Самара;18.11.2022;
Драйв Клик;АМКАПИТАЛ (Самара);Самара;18.11.2022;
Росбанк;АМКАПИТАЛ (Самара);Самара;18.11.2022;
Совкомбанк;АМКАПИТАЛ ООО (Дмитровское шоссе);Самара;21.11.2022;
Совкомбанк;АМКАПИТАЛ ООО (Дмитровское шоссе);Самара;21.11.2022;
Росбанк;"ООО ""Квант"" (Волгоград)  ";Свободный;23.11.2022;
Росбанк;АМКАПИТАЛ (Самара);Самара;23.11.2022;
Росбанк;"ООО ""Квант"" (Волгоград)  ";Свободный;25.11.2022;
Драйв Клик;"ООО ""Квант"" (Волгоград)  ";Свободный;25.11.2022;
Росбанк;"ООО ""Квант"" (Волгоград)  ";Свободный;25.11.2022;
Росбанк;"ООО ""Квант"" (Волгоград)  ";Свободный;25.11.2022;
Драйв Клик;"ООО ""Квант"" (Волгоград)  ";Свободный;25.11.2022;25.11.2022
Драйв Клик;"ООО ""Квант"" (Волгоград)  ";Свободный;28.11.2022;
Росбанк;"ООО ""Квант"" (Волгоград)  ";Свободный;28.11.2022;
Росбанк;"ООО ""Квант"" (Волгоград)  ";Свободный;28.11.2022;
Совкомбанк;АМКАПИТАЛ ООО (Дмитровское шоссе);Самара;28.11.2022;
Росбанк;"ООО ""Квант"" (Волгоград)  ";Свободный;28.11.2022;
Драйв Клик;"ООО ""Квант"" (Волгоград)  ";Свободный;28.11.2022;
Росбанк;"ООО ""Квант"" (Волгоград)  ";Свободный;28.11.2022;
Драйв Клик;"ООО ""Квант"" (Волгоград)  ";Свободный;28.11.2022;28.11.2022
Росбанк;"ООО ""Квант"" (Волгоград)  ";Свободный;28.11.2022;
Драйв Клик;"ООО ""Квант"" (Волгоград)  ";Свободный;28.11.2022;
Росбанк;"ООО ""Квант"" (Волгоград)  ";Свободный;28.11.2022;
Росбанк;"ООО ""Квант"" (Волгоград)  ";Свободный;28.11.2022;
Росбанк;"ООО ""Квант"" (Волгоград)  ";Свободный;28.11.2022;
Росбанк;"ООО ""Квант"" (Волгоград)  ";Свободный;29.11.2022;
Росбанк;"ООО ""Квант"" (Волгоград)  ";Свободный;29.11.2022;
Драйв Клик;"ООО ""Квант"" (Волгоград)  ";Свободный;29.11.2022;
Росбанк;"ООО ""Квант"" (Волгоград)  ";Свободный;29.11.2022;
Драйв Клик;"ООО ""Квант"" (Волгоград)  ";Свободный;29.11.2022;
Драйв Клик;"ООО ""Квант"" (Волгоград)  ";Свободный;30.11.2022;
Драйв Клик;"ООО ""Квант"" (Волгоград)  ";Свободный;30.11.2022;
Росбанк;"ООО ""Квант"" (Волгоград)  ";Свободный;30.11.2022;
Драйв Клик;"ООО ""Квант"" (Волгоград)  ";Свободный;30.11.2022;
Росбанк;"ООО ""Квант"" (Волгоград)  ";Свободный;30.11.2022;
Драйв Клик;"ООО ""Квант"" (Волгоград)  ";Свободный;30.11.2022;
Росбанк;АМКАПИТАЛ (Самара);Самара;30.11.2022;
Драйв Клик;АМКАПИТАЛ (Самара);Самара;30.11.2022;
Драйв Клик;"ООО ""Квант"" (Волгоград)  ";Свободный;30.11.2022;
Росбанк;"ООО ""Квант"" (Волгоград)  ";Свободный;30.11.2022;
Драйв Клик;АМКАПИТАЛ (Самара);Самара;30.11.2022;
Росбанк;АМКАПИТАЛ (Самара);Самара;30.11.2022;
Драйв Клик;"ООО ""Квант"" (Волгоград)  ";Свободный;30.11.2022;
Росбанк;"ООО ""Квант"" (Волгоград)  ";Свободный;30.11.2022;
Драйв Клик;"ООО ""Квант"" (Волгоград)  ";Свободный;30.11.2022;
Росбанк;"ООО ""Квант"" (Волгоград)  ";Свободный;01.12.2022;
Росбанк;"ООО ""Квант"" (Волгоград)  ";Свободный;01.12.2022;
Драйв Клик;"ООО ""Квант"" (Волгоград)  ";Свободный;01.12.2022;
Росбанк;"ООО ""Квант"" (Волгоград)  ";Свободный;01.12.2022;
Росбанк;"ООО ""Квант"" (Волгоград)  ";Свободный;01.12.2022;
Драйв Клик;"ООО ""Квант"" (Волгоград)  ";Свободный;01.12.2022;
Росбанк;АМКАПИТАЛ (Самара);Самара;02.12.2022;
Драйв Клик;"ООО ""Квант"" (Волгоград)  ";Свободный;05.12.2022;
Росбанк;"ООО ""Квант"" (Волгоград)  ";Свободный;05.12.2022;
Драйв Клик;"ООО ""Квант"" (Волгоград)  ";Свободный;05.12.2022;
Росбанк;"ООО ""Квант"" (Волгоград)  ";Свободный;05.12.2022;
Совкомбанк;АМКАПИТАЛ ООО (Дмитровское шоссе);Самара;05.12.2022;
Совкомбанк;АМКАПИТАЛ ООО (Дмитровское шоссе);Самара;05.12.2022;
Совкомбанк;АМКАПИТАЛ ООО (Дмитровское шоссе);Самара;05.12.2022;
Драйв Клик;"ООО ""Квант"" (Волгоград)  ";Свободный;05.12.2022;05.12.2022
Драйв Клик;"ООО ""Квант"" (Волгоград)  ";Свободный;06.12.2022;
Росбанк;"ООО ""Квант"" (Волгоград)  ";Свободный;06.12.2022;
Драйв Клик;АМКАПИТАЛ (Самара);Самара;06.12.2022;
Драйв Клик;АМКАПИТАЛ (Самара);Самара;06.12.2022;06.12.2022
Росбанк;АМКАПИТАЛ (Самара);Самара;06.12.2022;
Драйв Клик;"ООО ""Квант"" (Волгоград)  ";Свободный;06.12.2022;06.12.2022
Росбанк;"ООО ""Квант"" (Волгоград)  ";Свободный;06.12.2022;
Драйв Клик;"ООО ""Квант"" (Волгоград)  ";Свободный;06.12.2022;
Драйв Клик;"ООО ""Квант"" (Волгоград)  ";Свободный;06.12.2022;
Росбанк;"ООО ""Квант"" (Волгоград)  ";Свободный;06.12.2022;
Драйв Клик;АМКАПИТАЛ (Самара);Самара;06.12.2022;
Росбанк;АМКАПИТАЛ (Самара);Самара;06.12.2022;
Росбанк;"ООО ""Квант"" (Волгоград)  ";Свободный;06.12.2022;
Драйв Клик;"ООО ""Квант"" (Волгоград)  ";Свободный;06.12.2022;
Росбанк;АМКАПИТАЛ (Самара);Самара;06.12.2022;
Росбанк;"ООО ""Квант"" (Волгоград)  ";Свободный;06.12.2022;
Драйв Клик;"ООО ""Квант"" (Волгоград)  ";Свободный;06.12.2022;
Драйв Клик;"ООО ""Квант"" (Волгоград)  ";Свободный;06.12.2022;
Росбанк;"ООО ""Квант"" (Волгоград)  ";Свободный;06.12.2022;
Драйв Клик;"ООО ""Квант"" (Волгоград)  ";Свободный;06.12.2022;
Росбанк;"ООО ""Квант"" (Волгоград)  ";Свободный;06.12.2022;
Росбанк;"ООО ""Квант"" (Волгоград)  ";Свободный;06.12.2022;
Драйв Клик;"ООО ""Квант"" (Волгоград)  ";Свободный;06.12.2022;
Росбанк;"ООО ""Квант"" (Волгоград)  ";Свободный;07.12.2022;
Драйв Клик;"ООО ""Квант"" (Волгоград)  ";Свободный;07.12.2022;
Драйв Клик;АМКАПИТАЛ (Самара);Самара;07.12.2022;
Драйв Клик;АМКАПИТАЛ (Самара);Самара;07.12.2022;
Росбанк;АМКАПИТАЛ (Самара);Самара;07.12.2022;
Росбанк;АМКАПИТАЛ (Самара);Самара;08.12.2022;
Росбанк;АМКАПИТАЛ (Самара);Самара;08.12.2022;
Росбанк;АМКАПИТАЛ (Самара);Самара;08.12.2022;
Росбанк;АМКАПИТАЛ (Самара);Самара;08.12.2022;
Драйв Клик;"ООО ""Квант"" (Волгоград)  ";Свободный;09.12.2022;
Росбанк;"ООО ""Квант"" (Волгоград)  ";Свободный;09.12.2022;
Совкомбанк;АМКАПИТАЛ ООО (Дмитровское шоссе);Самара;09.12.2022;
Драйв Клик;"ООО ""Квант"" (Волгоград)  ";Свободный;09.12.2022;
Росбанк;"ООО ""Квант"" (Волгоград)  ";Свободный;09.12.2022;
Росбанк;АМКАПИТАЛ (Самара);Самара;09.12.2022;
Росбанк;АМКАПИТАЛ (Самара);Самара;09.12.2022;
Драйв Клик;"ООО ""Квант"" (Волгоград)  ";Свободный;09.12.2022;
Росбанк;"ООО ""Квант"" (Волгоград)  ";Свободный;09.12.2022;
Росбанк;"ООО ""Квант"" (Волгоград)  ";Свободный;09.12.2022;
Драйв Клик;"ООО ""Квант"" (Волгоград)  ";Свободный;09.12.2022;
Росбанк;"ООО ""Квант"" (Волгоград)  ";Свободный;09.12.2022;
Драйв Клик;"ООО ""Квант"" (Волгоград)  ";Свободный;09.12.2022;
Росбанк;"ООО ""Квант"" (Волгоград)  ";Свободный;09.12.2022;
Драйв Клик;"ООО ""Квант"" (Волгоград)  ";Свободный;09.12.2022;
Росбанк;"ООО ""Квант"" (Волгоград)  ";Свободный;10.12.2022;
Драйв Клик;"ООО ""Квант"" (Волгоград)  ";Свободный;10.12.2022;
Росбанк;"ООО ""Квант"" (Волгоград)  ";Свободный;12.12.2022;
Драйв Клик;"ООО ""Квант"" (Волгоград)  ";Свободный;12.12.2022;
Драйв Клик;"ООО ""Квант"" (Волгоград)  ";Свободный;12.12.2022;
Росбанк;"ООО ""Квант"" (Волгоград)  ";Свободный;12.12.2022;
Росбанк;"ООО ""Квант"" (Волгоград)  ";Свободный;12.12.2022;
Росбанк;"ООО ""Квант"" (Волгоград)  ";Свободный;12.12.2022;
Драйв Клик;АМКАПИТАЛ (Самара);Самара;12.12.2022;
Драйв Клик;"ООО ""Квант"" (Волгоград)  ";Свободный;12.12.2022;
Драйв Клик;"ООО ""Квант"" (Волгоград)  ";Свободный;12.12.2022;
Росбанк;"ООО ""Квант"" (Волгоград)  ";Свободный;12.12.2022;
Драйв Клик;"ООО ""Квант"" (Волгоград)  ";Свободный;12.12.2022;
Росбанк;"ООО ""Квант"" (Волгоград)  ";Свободный;12.12.2022;
Драйв Клик;"ООО ""Квант"" (Волгоград)  ";Свободный;12.12.2022;
Росбанк;"ООО ""Квант"" (Волгоград)  ";Свободный;12.12.2022;
Драйв Клик;"ООО ""Квант"" (Волгоград)  ";Свободный;12.12.2022;
Драйв Клик;АМКАПИТАЛ (Самара);Самара;12.12.2022;
Драйв Клик;"ООО ""Квант"" (Волгоград)  ";Свободный;13.12.2022;13.12.2022
Росбанк;АМКАПИТАЛ (Самара);Самара;13.12.2022;
Драйв Клик;АМКАПИТАЛ (Самара);Самара;13.12.2022;
Росбанк;АМКАПИТАЛ (Самара);Самара;14.12.2022;
Росбанк;"ООО ""Квант"" (Волгоград)  ";Свободный;15.12.2022;
Драйв Клик;АМКАПИТАЛ (Самара);Самара;15.12.2022;
Драйв Клик;АМКАПИТАЛ (Самара);Самара;15.12.2022;
Драйв Клик;"ООО ""Квант"" (Волгоград)  ";Свободный;15.12.2022;
Драйв Клик;"ООО ""Квант"" (Волгоград)  ";Свободный;15.12.2022;
Росбанк;АМКАПИТАЛ (Самара);Самара;15.12.2022;
Драйв Клик;"ООО ""Квант"" (Волгоград)  ";Свободный;15.12.2022;
Росбанк;АМКАПИТАЛ (Самара);Самара;15.12.2022;
Росбанк;АМКАПИТАЛ (Самара);Самара;16.12.2022;
Росбанк;АМКАПИТАЛ (Самара);Самара;16.12.2022;
Росбанк;АМКАПИТАЛ (Самара);Самара;16.12.2022;
Росбанк;АМКАПИТАЛ (Самара);Самара;19.12.2022;
Росбанк;АМКАПИТАЛ (Самара);Самара;19.12.2022;
Совкомбанк;АМКАПИТАЛ ООО (Дмитровское шоссе);Самара;20.12.2022;
Росбанк;АМКАПИТАЛ (Самара);Самара;20.12.2022;
Росбанк;АМКАПИТАЛ (Самара);Самара;20.12.2022;
Росбанк;"ООО ""Квант"" (Волгоград)  ";Свободный;20.12.2022;
Росбанк;"ООО ""Квант"" (Волгоград)  ";Свободный;20.12.2022;
Росбанк;"ООО ""Квант"" (Волгоград)  ";Свободный;20.12.2022;
Росбанк;АМКАПИТАЛ (Самара);Самара;21.12.2022;
Росбанк;"ООО ""Квант"" (Волгоград)  ";Свободный;21.12.2022;
Росбанк;АМКАПИТАЛ (Самара);Самара;21.12.2022;
Росбанк;"ООО ""Квант"" (Волгоград)  ";Свободный;21.12.2022;
Росбанк;АМКАПИТАЛ (Самара);Самара;22.12.2022;
Росбанк;АМКАПИТАЛ (Самара);Самара;22.12.2022;
Росбанк;АМКАПИТАЛ (Самара);Самара;22.12.2022;
Росбанк;"ООО ""Квант"" (Волгоград)  ";Свободный;22.12.2022;
Росбанк;АМКАПИТАЛ (Самара);Самара;22.12.2022;
Росбанк;"ООО ""Квант"" (Волгоград)  ";Свободный;23.12.2022;
Росбанк;АМКАПИТАЛ (Самара);Самара;26.12.2022;
Росбанк;"ООО ""Квант"" (Волгоград)  ";Свободный;26.12.2022;
Росбанк;АМКАПИТАЛ (Самара);Самара;26.12.2022;
Росбанк;"ООО ""Квант"" (Волгоград)  ";Свободный;27.12.2022;
Драйв Клик;"ООО ""Квант"" (Волгоград)  ";Свободный;29.12.2022;
Драйв Клик;"ООО ""Квант"" (Волгоград)  ";Свободный;29.12.2022;
Драйв Клик;"ООО ""Квант"" (Волгоград)  ";Свободный;29.12.2022;
Драйв Клик;"ООО ""Квант"" (Волгоград)  ";Свободный;30.12.2022;
Драйв Клик;"ООО ""Квант"" (Волгоград)  ";Свободный;09.01.2023;
Росбанк;АМКАПИТАЛ (Самара);Самара;09.01.2023;
Росбанк;"ООО ""Квант"" (Волгоград)  ";Свободный;10.01.2023;
Драйв Клик;"ООО ""Квант"" (Волгоград)  ";Свободный;10.01.2023;
Драйв Клик;"ООО ""Квант"" (Волгоград)  ";Свободный;10.01.2023;
Совкомбанк;АМКАПИТАЛ ООО (Дмитровское шоссе);Самара;10.01.2023;
Совкомбанк;АМКАПИТАЛ ООО (Дмитровское шоссе);Самара;10.01.2023;10.01.2023
Росбанк;"ООО ""Квант"" (Волгоград)  ";Свободный;11.01.2023;
Росбанк;"ООО ""Квант"" (Волгоград)  ";Свободный;12.01.2023;
Драйв Клик;"ООО ""Квант"" (Волгоград)  ";Свободный;12.01.2023;
Росбанк;АМКАПИТАЛ (Самара);Самара;12.01.2023;
Драйв Клик;"ООО ""Квант"" (Волгоград)  ";Свободный;12.01.2023;
Росбанк;АМКАПИТАЛ (Самара);Самара;12.01.2023;
Росбанк;"ООО ""ГЛОБУС-МОТОРС""_ТЕСТ GEELY";Москва;16.01.2023;
Росбанк;"ООО ""ГЛОБУС-МОТОРС""_ТЕСТ GEELY";Москва;16.01.2023;
Драйв Клик;"ООО ""Квант"" (Волгоград)  ";Свободный;16.01.2023;
Росбанк;"ООО ""ГЛОБУС-МОТОРС""_ТЕСТ GEELY";Москва;16.01.2023;
Драйв Клик;"ООО ""Квант"" (Волгоград)  ";Свободный;17.01.2023;
Драйв Клик;"ООО ""Квант"" (Волгоград)  ";Свободный;17.01.2023;
Драйв Клик;"ООО ""Квант"" (Волгоград)  ";Свободный;19.01.2023;
Росбанк;АМКАПИТАЛ (Самара);Самара;19.01.2023;
Драйв Клик;АМКАПИТАЛ (Самара);Самара;19.01.2023;
Росбанк;АМКАПИТАЛ (Самара);Самара;19.01.2023;
Росбанк;АМКАПИТАЛ (Самара);Самара;19.01.2023;
Росбанк;"ООО ""Квант"" (Волгоград)  ";Свободный;20.01.2023;
Росбанк;"ООО ""Квант"" (Волгоград)  ";Свободный;20.01.2023;
Росбанк;"ООО ""Квант"" (Волгоград)  ";Свободный;20.01.2023;
Росбанк;"ООО ""Квант"" (Волгоград)  ";Свободный;20.01.2023;
Драйв Клик;"ООО ""Квант"" (Волгоград)  ";Свободный;20.01.2023;
Драйв Клик;"ООО ""Квант"" (Волгоград)  ";Свободный;20.01.2023;
Драйв Клик;"ООО ""Квант"" (Волгоград)  ";Свободный;20.01.2023;
Росбанк;АМКАПИТАЛ (Самара);Самара;20.01.2023;
Драйв Клик;АМКАПИТАЛ (Самара);Самара;20.01.2023;
Росбанк;АМКАПИТАЛ (Самара);Самара;20.01.2023;
Драйв Клик;АМКАПИТАЛ (Самара);Самара;20.01.2023;
Росбанк;АМКАПИТАЛ (Самара);Самара;20.01.2023;
Росбанк;"ООО ""Квант"" (Волгоград)  ";Свободный;20.01.2023;
Драйв Клик;АМКАПИТАЛ (Самара);Самара;20.01.2023;
Росбанк;АМКАПИТАЛ (Самара);Самара;20.01.2023;
Драйв Клик;"ООО ""Квант"" (Волгоград)  ";Свободный;23.01.2023;
Драйв Клик;"ООО ""Квант"" (Волгоград)  ";Свободный;23.01.2023;
Драйв Клик;"ООО ""Квант"" (Волгоград)  ";Свободный;23.01.2023;
Драйв Клик;"ООО ""Квант"" (Волгоград)  ";Свободный;23.01.2023;
Росбанк;"ООО ""Квант"" (Волгоград)  ";Свободный;23.01.2023;
Совкомбанк;АМКАПИТАЛ ООО (Дмитровское шоссе);Самара;23.01.2023;
Драйв Клик;АМКАПИТАЛ (Самара);Самара;23.01.2023;
Росбанк;"ООО ""Квант"" (Волгоград)  ";Свободный;24.01.2023;
Драйв Клик;"ООО ""Квант"" (Волгоград)  ";Свободный;24.01.2023;
Росбанк;"ООО ""Квант"" (Волгоград)  ";Свободный;24.01.2023;
Драйв Клик;"ООО ""Квант"" (Волгоград)  ";Свободный;24.01.2023;
Росбанк;"ООО ""Квант"" (Волгоград)  ";Свободный;24.01.2023;
Драйв Клик;"ООО ""Квант"" (Волгоград)  ";Свободный;25.01.2023;
Росбанк;"ООО ""Квант"" (Волгоград)  ";Свободный;25.01.2023;
Драйв Клик;"ООО ""Квант"" (Волгоград)  ";Свободный;25.01.2023;
Драйв Клик;"ООО ""Квант"" (Волгоград)  ";Свободный;25.01.2023;
Драйв Клик;"ООО ""Квант"" (Волгоград)  ";Свободный;25.01.2023;
Росбанк;АМКАПИТАЛ (Самара);Самара;26.01.2023;
Совкомбанк;АМКАПИТАЛ ООО (Дмитровское шоссе);Самара;26.01.2023;
Драйв Клик;"ООО ""ГЛОБУС-МОТОРС""_ТЕСТ GEELY";Москва;27.01.2023;27.01.2023